domain,text
bisnis.liputan6.com,"Liputan6.com, Jakarta - Harga emas PT Aneka Tambang Tbk (Antam) atau emas Antam naik Rp 3.000 menjadi Rp 637 ribu per gram pada perdagangan Rabu (3/1/2018). Pada perdagangan sebelumnya atau pada Selasa kemarin, harga emas Antam berada di posisi Rp 634 ribu per gram.
Sedangkan harga pembelian kembali atau buyback naik Rp 2.000 menjadi Rp 567 ribu per gram. Harga buyback ini adalah jika Anda akan menjual emas, maka Antam akan membelinya di harga Rp 567 ribu per gram.
Advertisement
Baca Juga
Pembayaran buyback dengan volume di atas 1 kilogram (kg) akan dilakukan maksimal dua hari setelah transaksi dengan mengacu pada harga buyback hari transaksi.
Antam menjual emas dengan ukuran mulai 1 gram hingga 500 gram. Hingga pukul 08.19 WIB, sebagian besar ukuran emas Antam masih tersedia kecuali ukuran 50 gram, 100 gram dan 250 gram.
Harga emas Antam ini berlaku di kantor Antam Pulogadung, Jakarta. Sedangkan di gerai penjualan emas Antam lain bisa berbeda.
Sementara untuk harga emas Antam bercorak batik dengan ukuran 10 gram dipatok Rp 6.487.000 atau Rp 648.700 per gram. Sedangkan ukuran 20 gram sekitar Rp 12.577.000 atau Rp 628.850 per gram.
Antam juga mengeluarkan emas edisi Idul Fitri. Untuk ukuran 1 gram dijual di harga Rp 713.000. Ukuran 2 gram di jual Rp 1.310.000 dan 5 gram dijual Rp 3.117.000.
Saksikan Video Pilihan di Bawah Ini:
Daftar Harga Emas Antam Berbagai Ukuran
Berikut daftar harga emas yang dijual Antam:
* Pecahan 1 gram Rp 637.000
* Pecahan 5 gram Rp 3.042.000
* Pecahan 10 gram Rp 6.033.000
* Pecahan 25 gram Rp 15.008.000
* Pecahan 50 gram Rp 29.967.000
* Pecahan 100 gram Rp 59.884.000
* Pecahan 250 gram Rp 149.584.000
* Pecahan 500 gram Rp 298.966.000.
Advertisement"
bisnis.liputan6.com,"Liputan6.com, Jakarta - Ditutup dengan inflasi Desember sebesar 0,65 persen (mtm), angka inflasi Jakarta sepanjang 2017 tetap terkendali. Inflasi DKI Jakarta tahun kemarin tercatat sebesar 3,72 persen (yoy), sejalan dengan sasaran inflasi nasional tahun 2017 yang ditetapkan sebesar kurang lebih 4 persen. Terkendalinya inflasi juga tercermin dari angka inflasi tahun 2017 yang lebih rendah jika dibandingkan dengan rata-rata tiga tahun sebelumnya (4,87 persen yoy).
Beberapa faktor yang mendukung terkendalinya inflasi tahun ini diantaranya adalah terkendalinya ekspektasi inflasi masyarakat, stabilnya nilai tukar, rendahnya tekanan permintaan masyarakat dan semakin solidnya program-program TPID Jakarta dalam menjaga kestabilan harga di Ibukota.
""Berbagai inovasi seperti pemanfaatan BUMD pangan dalam pengendalian harga, penerapan tarif angkutan darat yang terjangkau, menjadi salah satu upaya yang dilakukan dalam menjaga inflasi ibukota,"" kata Kepala Perwakilan Bank Indonesia Provinsi DKI Jakarta Doni P. Joewono dalam keterangannya, Rabu (3/1/2018).
Advertisement
Baca Juga
Dari dinamika bulanan, inflasi Jakarta pada Desember 2017 mengalami peningkatan sesuai dengan pola musimannya. Inflasi Jakarta yang tercatat sebesar 0,65 persen (mtm) meningkat tinggi dibanding bulan sebelumnya yang hanya mencapai 0,08 persen (mtm).
Kenaikan musiman ini terutama berasal dari kelompok volatile food seiring dengan mulai berkurangnya pasokan bahan pangan akibat datangnya musim hujan, dan adanya kenaikan administered prices terutama transportasi seiring meningkatnya permintaan.
Namun angka inflasi bulan Desember 2017 masih lebih rendah dibandingkan dengan rata-rata tiga tahun sebelumnya (1,24 persen mtm) maupun dengan inflasi nasional (0,71 persen mtm).
Doni menjelaskan, inflasi volatile food lebih tinggi dibandingkan dengan bulan sebelumnya. Meningkatnya inflasi volatile food terutama disebabkan oleh naiknya harga daging ayam ras, telur ayam, dan cabai merah, masing-masing sebesar 4,91 persen (mtm), 9,91 persen (mtm) dan 17,34 persen (mtm).
Kenaikan harga daging ayam disebabkan oleh berkurangnya pasokan Day Old Chick (DOC), serta distribusi vaksin ayam yang belum merata.
""Pasokan telur ayam berkurang seiring dengan berkurangnya jumlah produksi telur saat musim hujan,"" tambah Doni.
Saksikan Video Pilihan di Bawah Ini:
Musim Hujan Turut Andil
Musim hujan juga turut berpengaruh terhadap pasokan hortikultura yang masuk ke Ibukota, karena hasil produksi di daerah produsen lebih mudah rusak karena faktor cuaca.
Harga beras juga mengalami kenaikan (0,94 persen mtm), walau masih relatif terbatas, karena tanaman padi di beberapa daerah sentra masih dalam masa tanam, yang berdampak pada terbatasnya pasokan.
Meski demikian, kenaikan harga beras di DKI Jakarta tercatat masih lebih rendah dibandingkan dengan nasional (1,84 persen mtm). Langkah BUMD pangan DKI Jakarta, PT Food Station Tjipinang Jaya, mampu menahan gejolak harga beras di Ibukota melalui tata kelola stok manajemen di Pasar Beras Induk Cipinang, serta operasi pasar beras bersama Bulog.
Inflasi kelompok pengeluaran bahan makanan di Ibukota tercatat lebih tinggi dibandingkan dengan rata-rata tiga tahun sebelumnya. Pada Desember 2017 kelompok bahan makanan mencatat inflasi sebesar 2,23 persen (mtm), sedikit lebih tinggi dibandingkan dengan rata-rata tiga tahun sebelumnya (2,09 persen mtm), yand didorong oleh inflasi subkelompok daging dan hasilnya, serta aneka bumbu.
""Namun, langkah BUMD lainnya seperti PD Dharma Jaya dalam mengelola pasokan daging sapi, serta pemanfaatan mesin controlled atmosphere storage oleh PD Pasar Jaya dalam mengendalikan harga hortikultura, menahan gejolak harga pangan lebih lanjut,"" terang Doni.
Kelompok administered prices juga turut bergerak naik. Subkelompok transportasi mengalami inflasi sebesar 1,21 persen (mtm). Beberapa komoditas transportasi tercatat mengalami kenaikan, antara lain adalah angkutan udara (9,49 persen mtm) dan kereta api (12,10 perse mtm).
Hal ini terkait libur Natal dan Tahun Baru 2018 yang dimanfaatkan sebagian besar masyarakat untuk melakukan perjalanan (berlibur), sehingga permintaan jasa angkutan meningkat signifikan. Selain itu, kelangkaan gas 3 kg yang terjadi di Ibukota, menyebabkan harga bahan bakar rumah tangga naik sebesar 3,56 persen (mtm), dan turut menyebabkan kenaikan inflasi administered prices.
Advertisement"
bisnis.liputan6.com,"Liputan6.com, Jakarta - Bank Indonesia (BI) menggelar rapat koordinasi dengan pemerintah pusat dan daerah tiap kuartal. Rapat koordinasi yang digelar rutin tersebut mendatangkan perwakilan dari pemerintah pusat dan daerah untuk mengetahui permasalahan yang menyangkut perekonomian dan kemudian mencari solusi atas kendala tersebut.
Kali ini, rapat koordinasi antara pemerintah pusat, pemerintah daerah, dan BI digelar di Balikpapan, Kalimantan Timur. Adapun rapat kali ini mengangkat tema Mendorong Strategi Kebijakan Diversifikasi Sumber Pertumbuhan Ekonomi Daerah untuk Menjaga Momentum Perbaikan Ekonomi Nasional.
Dari pemerintah pusat, turut hadir Menteri Koordinator Bidang Kemaritiman Luhut Binsar Pandjaitan, Menteri Perhubungan Budi Karya Sumadi, dan Wakil Menteri Energi dan Sumber Daya Mineral (ESDM) Arcandra Tahar.
Advertisement
Gubernur Bank Indonesia Agus Martowardojo mengatakan, pertumbuhan ekonomi nasional telah mengalami perbaikan. Pada kuartal I 2017, ekonomi nasional tumbuh 5,01 persen.
Namun demikian, pertumbuhan ekonomi ini belum merata lantaran sebagian besar masih ditopang oleh pertumbuhan ekonomi di wilayah Jawa dan Sumatera. Jawa mengambil porsi 59 persen dari perekonomian nasional dan bisa tumbuh sebanyak 5,56 persen pada kuartal I 2017. Sementara, Sumatera mengambil porsi 22 persen dari perekonomian nasional dan tumbuh sebanyak 4,05 persen.
Baca Juga
Pada kuartal I ini, ekonomi Kalimantan tumbuh 4,92 persen. Meski begitu, tren ekonomi Kalimantan dalam dua tahun terakhir tumbuh jauh di bawah ekonomi nasional.
""Kita mengetahui bahwa selama dua tahun terakhir 2015-2016 pertumbuhan ekonomi Kalimantan di kisaran 1,4 persen dan 2 persen. Begitu rendah dibandingkan dengan Jawa atau Sumatera. Di mana rata-rata pertumbuhan ekonominya ada kisaran 5 persen,"" kata Agus usai rapat tersebut, di Balikpapan, Kalimantan Timur seperti ditulis Senin (17/7/2017).
Mirisnya, perekonomian di Kalimantan Timur tercatat minus di tahun 2015-2016. Ekonomi Kalimantan Timur pada tahun 2015 tercatat minus 1,21 persen kemudian pada 2016 tercatat minus 0,38 persen. Ini berdampak pada rendah pertumbuhan regional Kalimantan.
""Kita kemudian menyelenggarakan rapat koordinasi ini di Balikpapan mengundang semua gubernur di Kalimantan untuk membahas tantangan yang dihadapi Kalimantan. Dan bagaimana solusi agar Kalimantan bisa pulih punya pertumbuhan yang kuat berkesinambungan dan inklusif,"" jelas dia.
Dari rapat tersebut, diketahui pertumbuhan ekonomi Kalimantan sangat bergantung dengan sumber daya alam khususnya komoditas tambang dan pertanian berbasis sawit. Sehingga, perekonomian pun menjadi rentan karena mengikuti pergerakan harga komoditas global.
""Karena harga dunia komoditas itu jatuh otomatis ekonomi Kalimantan menjadi sulit,"" kata dia.
Agus menuturkan, dalam diskusi yang digelar tertutup ini menemui titik terang, yakni supaya perekonomian Kalimantan tumbuh berkesinambungan mesti mengurangi ketergantungan pada sumber daya alam. Ketergantungan itu dihilangkan melalui diversifikasi sumber pertumbuhan ekonomi.
Diversifikasi pun terbagi menjadi dua, yakni diversifikasi vertikal dan horisontal. Diversifikasi vertikal yang dimaksud ialah mendorong adanya hilirisasi. Sehingga, Kalimantan tidak bergantung pada komoditas mentah dan tidak punya nilai tambah.
""Kita mengharapkan kalau seandainya mengolah komoditas, jangan komoditas mentah atau komoditas primer yang dilakukan eksportir,"" ungkap dia.
Kemudian, diversifikasi horisontal ialah mencari sumber pertumbuhan ekonomi baru. ""Contohnya kita membangun sektor pariwisata, kita membangun perikanan, perkayuan akan membuat diversifikasi lebih luas dan akan membuat daya tahan,"" tambah dia.
Infrastruktur
Perbaikan infrastruktur
Namun, Agus menuturkan itu saja tak cukup. Diversifikasi mesti dibarengi oleh perbaikan infrastruktur di Kalimantan. Infrastruktur yang dimaksud ialah konektivitas, listrik, dan energi.
Lalu, dibarengi pula oleh perbaikan pengembangan kawasan industri yang lengkap. Ini diharapkan dapat mengundang investor masuk ke Kalimantan dan mendorong penciptaan lapangan kerja.
""Itu membuat Kalimantan ke depan tidak lagi menjadi ekonomi yang berfluktuasi hanya karena komoditas naik atau turun di dunia,"" terang Agus.
Menteri Perhubungan Budi Karya Sumadi mengatakan, pemerintah akan terus membangun konektivitas di Kalimantan. Sebagai contoh, pihaknya akan membangun beberapa bandara perintis di Kalimantan Utara.
""Bandara perintis Kaltara, 3 atau 4 titik di Kaltara. Karena mereka nggak bisa dijangkau darat,"" kata dia.
Budi Karya menuturkan, nilai investasi untuk bandara tersebut sekitar Rp 100 miliar. Pembangunan bandara ini akan menggunakan anggaran negara. Bisa saja, lanjutnya, menggunakan anggaran dalam Anggaran Pendapatan dan Belanja Negara Perubahan (APBNP) 2017 atau APBN 2018.
""Nilai investasi kira-kira total Rp 100 miliar,"" ujar dia.
Budi Karya belum menyebut secara rinci titik mana saja yang akan dibangun bandara perintis ini. Meski demikian, dia mengatakan, penggunaan anggaran negara menimbang aspek keekonomian wilayah tersebut.
""Swasta jelas tidak mau, kecuali dia ada investasi, bandara perintis itu tidak ada uang,"" ungkap dia.
Sementara, Wakil Menteri ESDM Arcandra Tahar menuturkan, investasi di bidang energi turun tajam beberapa tahun terakhir. Sebab itu, pekerjaan penting saat ini ialah membangun ketahanan energi.
""Ke depannya energi akan jadi pembangun nasional di mana rantai pengeluaran tidak hanya sampai gas tersebut, raw material, tapi kalau bisa dikembangkan gas produk petrochemical yang memberikan added value jauh lebih besar,"" jelas dia.
Arcandra juga bilang, untuk pengembangan energi ini juga akan mendorong partisipasi daerah.""Strategi ke depannya adalah participating interest daerah 10 persen,"" ujar dia.
Sementara, Menteri Koordinator Bidang Kemaritiman Luhut Binsar Pandjaitan mengatakan, pihaknya akan mendorong pembangunan Kalimantan yang terintegrasi. Hasil pertemuan tersebut akan ditindaklanjuti dengan pertemuan-pertemuan kepala daerah.
""Tindak lanjut dari pertemuan ini segera ada usulan mengenai tata ruang Kalimantan Tengah (Kalteng) misalnya, kami akan segera rapat minggu depan memanggil pihak terkait apa masalahnya. Menyangkut di Kalimantan Timur (Kaltim), kita juga lihat beberapa potensi yang perlu segera kita selesaikan,"" ujar dia.
Dia menuturkan, pembangunan yang akan dilakukan mesti terintegrasi satu sama lain. Sehingga, memberikan dampak yang besar bagi masyarakat.
""Itu semua terintegrasi dan itu kalau semua terjadi maka Kaltara akan kita selesaikan akan bisa menciptakan lapangan pekerjaan yang besar seperti di Morowali menjadi sentra ekonomi,"" ujar dia.
Tidak hanya industri, pembangunan juga meliputi dari segi infrastruktur pendukung seperti pelabuhan, bandara, dan lain sebagainya.
""Kemudian kita tindaklanjuti segera menyangkut masalah pelabuhan, lapangan terbang, sekarang semua program itu dilakukan terintegrasi. Jadi inisiasi BI untuk melakukan pertemuan semacam ini tiap 3 bulan ke depan, tiap daerah berbeda-berbeda saya kira akan langsung down to earth dapat menyelesaikan masalah di lapangan,"" tandas dia.
Tonton Video Menarik Berikut Ini:"
citizen6.liputan6.com,"Liputan6.com, Jakarta - Masyarakat memang sering mengajukan sesuatu yang diinginkan dan terkesan mengatur pemerintah, hingga melakukan sebuah demo demi terwujudnya keinginan mereka. Pemerintah tentu tidak hanya diam. Beberapa program telah direncanakan untuk mengatur masyarakatnya.
Baca Juga
Advertisement
Namun, aturan yang ada mungkin akan dibuat dengan berbagai pertimbangan yang sesuai serta tujuan yang baik. Seperti beberapa aturan yang dibuat oleh pemerintah di beberapa negara ini. Video berdurasi kurang dari tujuh menit tersebut memang sengaja dibuat beberapa negara dengan tujuan mempermudah mengatur perilaku masyarakat tanpa mereka sadari.
1. Manipulasi Jalan
Seperti salah satu jalan jembatan yang berbentuk lingkaran di Amerika. Jembatan yang dibuat lurus akan lebih menghemat biaya yang diperlukan, dibandingkan jembatan yang dibuat melingkar. Namun ternyata, hal tersebut memiliki tujuan yang baik bagi pengendara untuk memperlambat laju kendaraannya, seperti naluri saat berkendara.
Jadi, jika melaju di jalur yang seperti ini, pengendara cenderung akan memperlambat laju kendaraannya sehingga dapat muncul perasaan tenteram, adil dan makmur, dan terlebih para pengendara yang melintas bisa menikmati pemandangan di sekelilingnya.
2. Lampu Biru
Lampu biru pada monitor sebenarnya berbahaya bagi kesehatan mata kamu. Itu sebabnya mengapa smartphone kamu dilengkapi mode malam yang dapat mengurangi efek biru yang berlebihan.
Berdasarkan penelitian, warna biru ternyata dapat mempersulit manusia untuk mengantuk. Itu sebabnya di beberapa terowongan terdapat lampu berwarna biru, agar mencenggah pengemudi mengantuk saat berkendara. Bahkan di Jepang, lampu stasiun kereta dibuat berwarna biru. Lampu berwarna biru itu ternyata dapat mengubah perasaan seseorang menjadi sedikit lebih cerah. Mungkin menurut kamu cara ini hal yang sia-sia, tapi faktanya angka bunuh diri di Jepang menurun sebanyak 84 persen.
Advertisement
3. Warna Pink Menenangkan Jiwa
Berdasarkan pengamatan, warna merah jambu dapat menenangkan perasaan. Pemerintah Swiss ternyata memiliki ide unik untuk mengecat tembok penjara dengan warna pink. Tak hanya itu, pakaian yang digunakan para napi pun berwarna merah jambu. Tujuannya agar para penjahat yang berada di dalam penjara senantiasa tenang dan tidak tegang.
4. Bundaran Palsu
Trik yang satu ini adalah bundaran jalan palsu. Trik tersebut ternyata memiliki tujuan supaya pengendara tidak kebut-kebutan dan memperlambat kecepatan karena mengira ada bundaran lalu lintas jalan. Selain penggunaan polisi tidur, hal ini juga cukup unik dan bagus untuk diterapkan.
Advertisement
5. Mengurangi Jumlah Perokok
Pemerintah Swedia sedang mengurangi jumlah perokok, poster dilarang merokok ditempel di berbagai tempat seperti restoran, mal, pasar, bahkan bar. Tak hanya itu, pemerintah Swedia ingin memperluas larangan merokok di berbagai pelosok tempat agar warganya tidak bisa sembarangan merokok.
Tidak hanya sekadar poster, tapi juga tersedia videotron. Di bagian atas videotrone diletakkan alat pendeteksi asap. Jadi jika ada asap yang tercium, videotron ini akan menampilkan cuplikan orang yang sedang batuk. Seperti menyindir para perokok di sekitarnya.
Penulis:
Karen
Universitas Pancasila
Jadilah bagian dari Komunitas Sahabat Liputan6.com dengan berbagi informasi & berita terkini melalui e-mail: SahabatLiputan6@gmail.com serta follow official Instagram @sahabatliputan6 untuk update informasi kegiatan-kegiatan offline kami."
hot.liputan6.com,"Desain rumah atap datar kian populer di 2025 berkat estetika modern dan fungsionalitasnya. Namun, penting untuk memahami kelebihan dan kekurangan rumah atap datar sebelum menjadikannya pilihan utama.
Simak tips lengkap mendesain rumah sederhana jadi terlihat mewah dengan pagar modern, gaya minimalis yang aman dan trendi di tahun 2025.
Temukan 7 tips membangun rumah dengan budget Rp50 juta, sederhana namun nyaman untuk hunian impian Anda.
Wujudkan dapur impian di rumah kampung Anda, dengan desain dapur kecil ala tropis semi outdoor yang fungsional dan estetik.
Ingin tampil menawan tanpa berlebihan? Temukan beragam model gelang emas 2 gram tanpa batu untuk tampilan simpel yang ringan, nyaman, dan tetap berkelas, cocok untuk gaya sehari-hari hingga acara istimewa.
Kehadiran ular di pedesaan seringkali menimbulkan kekhawatiran. Temukan panduan lengkap desain pagar rumah di pedesaan yang anti ular untuk menciptakan lingkungan hunian yang aman dan nyaman.
Sebenarnya apa itu Majas? Simak definisi, jenis hingga contohnya berikut ini.
Pelajari rumus luas trapesium secara lengkap dan mudah dipahami. Temukan pengertian, jenis-jenis trapesium, serta contoh soal dan cara menghitung luasnya langkah demi langkah. Cocok untuk siswa SD, SMP, hingga SMA.
Seiring dengan ditetapkannya Bahasa Inggris sebagai bahasa internasional, penyebutan angka dalam Bahasa Inggris juga dipelajari orang-orang dari seluruh dunia.
Pahami perbedaan introvert dan ekstrovert secara komprehensif. Artikel ini membahas definisi, ciri-ciri, mitos vs fakta, dan tips hidup harmonis."
jateng.liputan6.com,"Liputan6.com, Semarang Meningkatnya harga Gas Elpiji nonsubsidi menarik perhatian, Gubernur Jawa Tengah Ganjar Pranowo.
Ganjar menginstruksikan kepada Kepala Dinas ESDM Provinsi Jawa Tengah, Sujarwanto untuk berkoordinasi dengan Pertamina untuk memantau distribusi minyak dan gas di Jawa Tengah. Termasuk potensi migrasi atau konversi konsumen gas nonsubsidi ke gas subsidi.
Ganjar menjelaskan, invasi Rusia ke Ukraina ternyata berpengaruh pada relasi bangsa dan negara, bagaimana respons negara di Eropa Barat dan Amerika serta negara-negara yang bergabung dalam NATO.
Advertisement
""Ketika blok China mulai ikut serta ke kubunya Rusia. Saya melihat, kita musti siap-siap terkait harga migas. Ternyata benar, tidak lama setelah itu Pertamina menaikkan harga gas nonsubsidi,"" kata Ganjar saat menghadiri acara pelantikan pengurus BPD HIPMI Jawa Tengah secara daring, Jumat (4/3/2022).
Kenaikan harga gas nonsubsidi itu, lanjut Ganjar, menimbulkan kekhawatiran terkait distribusi gas subsidi atau gas 3 kg. Ia meminta kepada instansi terkait untuk hati-hati tentang potensi migrasi atau konversi konsumen gas nonsubsidi ke gas subsidi.
""Langsung saya kontak Dinas ESDM (Provinsi Jawa Tengah), saya minta untuk komunikasi dengan Pertamina. Hati-hati konversi ke dalam gas 3 kg akan terjadi. Mereka yang kesulitan mencari gas nonsubsidi akan mencari ke gas 3 kg karena membeli gas 3 kg itu begitu mudah, tidak ada restriksi yang ketat,"" ungkap Ganjar.
Poin instruksi Ganjar
Sujarwanto menjelaskan ada dua poin penting dari instruksi Ganjar. Pertama, memastikan pasokan tetap terjaga. Kedua, memantau potensi terjadi migrasi dari nonsubsidi ke gas elpiji 3 kg.
""Indikasi terjadi (migrasi) bisa dibaca kalau permintaan elpiji 3 kg naik sementara penjualan 12 kg turun. Ini kami pantau bersama Pertamina dan Hiwana Migas serta 12 kantor cabang dinas. Kita formalisasi juga penugasan kepada Pertamina dan Hiswana Migas itu dengan surat dari dinas,"" katanya.
Sujarwanto memaparkan, hingga hari kelima pasca-kenaikan harga pada 27 Februari 2022 lalu, belum ada indikasi migrasi konsumen gas nonsubsidi ke gas subsidi. Permintaan masyarakat masih wajar dan stok juga masih aman, baik gas nonsubsidi maupun gas subsidi.
""Kita menjaga agar tidak terjadi migrasi. Kalau terjadi migrasi maka pada batas pantauan kita untuk meluruskan distribusinya. Harapan kita dapat tepat sasaran. Kawan pengusaha juga saya harapkan, termasuk rumah tangga, tidak tergantung elpiji. Ada yang kita sarankan ke kompor listrik atau kompor induksi karena lebih hemat dibandingkan elpiji 3 kg. Kita coba hemat energi. Masyarakat harus menggunakan energi seperlunya,"" jelasnya.
Advertisement"
jatim.liputan6.com,"Liputan6.com, Sidoarjo - Memasuki Ramadhan 1443 Hijriah, harga sejumlah bahan pokok di Sidoarjo, Jawa Timur mengalami kenaikan. Kemudian stok minyak goreng curah juga kurang di pasaran.
Gubernur Jatim, Khofifah Indar Parawansa juga melakukan sidak ke ke Pasar Larangan Candi, Sabtu (2/4/2022). Gubernur menyebut harga minyak goreng untuk kemasan premium masih tinggi. Sedangkan minyak goreng curah mengalami kekurangan stok.
Baca Juga
""Untuk minyak goreng curah kondisinya kurang, suplaynya terlambat. Sedangkan minyak goreng dengan kemasan premium relatif harganya cukup mahal. Tadi ada yang saya tanya, mereka belinya saja Rp25.000 per liter,"" ujarnya.
Advertisement
Sedangkan untuk daging sapi, stok dan harganya stabil. Yakni berada di kisaran Rp100.000 – Rp120.000 per kilogram, dengan jenis daging sapi kualitas biasa hingga kualitas premium.
Kemudian daging ayam harganya juga mengalami kenaikan, biasanya Rp32.000 per kilogram saat ini dijual Rp38.000 per kilogram.
Salah seorang pedagang ayam potong, Nurul mengatakan harga mengalami kenaikan hampir tiap hari sejak menjelang Ramadhan. Kenaikan ini biasanya terjadi hingga hari raya.
Selain itu untuk bumbu dapur sendiri, seperti bawang putih, bawang merah, maupun cabai tidak mengalami kenaikan. Hanya cabai besar mengalami sedikit kenaikan.
""Yang naik itu cabe besar. Cabe kecil turun. Lombok besar (cabai besar) itu sekarang Rp58.000 biasanya Rp30.000 itu sudah mahal,"" ujar pedagang bumbu dapur, Wahid.
Sedangkan kebutuhan pokok lain, seperti telur ayam dijual dibawah HET, yakni Rp23.000 per kilogram. Untuk beras, gula, serta aneka bumbu bumbu dapur Lamongan cenderung stabil dan stok aman."
lifestyle.liputan6.com,"Liputan6.com, Jakarta Terlepas dari apapun penyebabnya, keputusan cerai pasti membawa kerugian. Termasuk kerugian finansial. Oleh karena itu, alangkah lebih baik kalau hal ini bisa dihindari.
Pengadilan Agama di Cianjur Jawa Barat saja mencatat ada 6.000 perkara gugatan cerai yang masuk selama Januari-Juli 2017. Sebanyak 2.500 di antaranya sudah dikabulkan. Angka ini naik 20 persen dari tahun lalu.
Baca Juga
Nah ternyata, pemicu utamanya adalah faktor ekonomi yang berujung pada kekerasan dalam rumah tangga (KDRT). Terbukti kan kalau pengelolaan keuangan yang apik itu mutlak dilakukan oleh pasangan suami istri jika ingin pernikahan langgeng?
Advertisement
Agar hal ini tidak terjadi kepada Anda dan pasangan, Anda wajib tahu apa saja hal-hal seputar finansial yang rentan jadi pemicu timbulnya gugatan cerai. Berikut yang dirangkum dari duitpintar.com
1. Utang menumpuk
Utang yang menumpuk memang bikin semua orang jadi stres. Sebelum berutang, semestinya Anda paham dulu kalau utang maksimal seseorang tidak boleh melebihi 30 persen dari total pendapatan.
Bila penghasilan per bulan Anda dan pasangan adalah Rp 8 juta, maksimal utangnya adalah Rp 2,4 juta. Kalau lebih dari itu, sudah pasti kondisi finansial jadi tidak sehat.
Tapi bila memang pasangan Anda mengalami masalah ini, jangan buru-buru melayangkan gugatan cerai ya. Cobalah bantu dia dalam mengatasi utangnya dengan melakukan mediasi perbankan, jual aset, atau renegosiasi utang dengan lembaga pemberi pinjaman.
Oh ya satu lagi nih, hindari menggunakan jasa pengacara untuk urusan yang satu ini ya. Kenapa? Karena pengacara juga ada biayanya. Apa rela keluar uang lebih banyak lagi?
2. Tidak transparan masalah pendapatan
Sudah semestinya pasangan Anda mengetahui berapa rupiah yang Anda dapatkan dalam sebulan.
Transparan soal pendapatan akan memudahkan Anda untuk mengatur keuangan bersama pasangan. Misalnya berapa rupiah untuk bayar listrik, air, internet, berapa yang bisa disisihkan untuk rekreasi, dan berapa yang harus diprioritaskan untuk investasi.
Kalau tidak transparan soal penghasilan, bagaimana mau pasang target keuangan bersama di masa depan?
3. Penghasilan suami lebih kecil ketimbang istri
Seorang suami yang bertugas sebagai pencari nafkah biasanya dituntut untuk memiliki penghasilan yang lebih tinggi daripada istri. Bila hal sebaliknya yang terjadi, tak jarang sang suami merasa tersaingi atau merasa diremehkan meski pada kenyataannya tidak begitu.
Bila ini yang Anda alami bersama pasangan, Anda wajib untuk saling menghargai satu sama lain terkait masalah penghasilan. Bisa jadi gaji istri yang lebih besar didapat dari kerja kerasnya selama bertahun-tahun, dan suami mestinya legowo dengan hal itu.
Namun apabila hal ini berujung pada perseteruan, ingatlah kalau ada proses join income yang bisa diberlakuan ketika seseorang sudah menikah. Itu artinya, tidak ada lagi istilah “gajimu” dan “gajiku”, yang ada hanyalah “gaji kita bersama”.
Advertisement
4. Perbedaan tujuan finansial di masa depan
Tanpa sebuah tujuan finansial di masa depan, kebebasan finansial bakal jadi angan-angan belaka. Perbedaan strategi dalam mencapai kebebasan finansial ini pun kerap diperdebatkan.
Sang suami mungkin terlalu berani mengambil keputusan berinvestasi yang risikonya tinggi, tanpa perhitungan. Sementara itu sang istri yang terlalu perhitungan selalu mempertimbangkan berapa rupiah yang bakal dikeluarkannya.
Masalah perbedaan tujuan sebenarnya bisa diatasi dengan meninjau ulang apa yang ingin Anda capai bersama pasangan di masa depan. Cobalah untuk menyamakan persepsi dulu, setelah itu barulah Anda bisa membicarakan strategi keuangannya.
Itulah empat masalah keuangan rumah tangga yang bisa memicu munculnya gugatan cerai. Mungkin sebagian dari Anda beranggapan kalau hal ini sepele. Namun bila dibiarkan, bisa jadi masalah serius."
liputan6.com,"Liputan6.com, Jakarta Fluktuasi harga pangan dan kebutuhan pokok berimbas langsung pada aktivitas perdagangan di pasar tradisional. Lonjakan harga menurunkan daya beli masyarakat sehingga berpengaruh terhadap pendapatan pedagang. Banyak pedagang pasar yang mengeluhkan kondisi ini terlebih di masa transisi pemulihan ekonomi pasca pandemi.
EkonomTelisa Aulia Falianty mengatakan penurunan daya beli akibat kenaikan harga yang terjadi saat ini mempengaruhi omzet pedagang pasar tradisional.
Baca Juga
“Penurunan daya beli tentu mempengaruhi omzet pedagang. Tidak hanya itu, isu pengenaan PPN 11 persen pada sembako juga sempat menjadi sentimen negatif, ditambah lagi daya beli masyarakat yang belum terlalu pulih pasca pandemi,” kata Telisa.
Advertisement
Kenaikan harga pangan saat ini didorong oleh lonjakan harga berbagai komoditas yang menjadi bahan baku utamanya. Kenaikan harga ini menyulitkan konsumen sehingga mereka mengurangi pembelian. Kenaikan harga pangan dan barang pokok ini juga berkontribusi terhadap kenaikan inflasi di luar situasi global yang tidak stabil dalam beberapa bulan terakhir.
Badan Pusat Statistik mencatat pada Juni 2022 terjadi inflasi sebesar 4,35 persen (year-on-year) dengan Indeks Harga Konsumen (IHK) sebesar 111,09.
Inflasi ini terjadi utamanya karena adanya kenaikan harga dengan kontribusi terbesar berasal dari indeks kelompok makanan, minuman, dan tembakau, yakni sebesar 1,77 persen. Adapun seluruh indeks kelompok pengeluaran lainnya berkontribusi rata-rata di bawah satu persen.
* Fakta atau Hoaks? Untuk mengetahui kebenaran informasi yang beredar, silakan WhatsApp ke nomor Cek Fakta Liputan6.com 0811 9787 670 hanya dengan ketik kata kunci yang diinginkan.
Dirasakan Masyarakat
Menurut Telisa, dampak kenaikan harga kebutuhan pokok dirasakan oleh berbagai pihak baik pelaku di pasar modern maupun pasar tradisional, khususnya masyarakat menengah ke bawah.
""Pemerintah telah menggelontorkan Bantuan Langsung Tunai (BLT) untuk menjaga daya beli masyarakat. Namun selain itu, upah riil juga perlu terus dijaga agar geliat di pasar tetap muncul dan dapat menopang ekonomi masyarakat dengan baik,"" ungkap Telisa.
Telisa mengatakan untuk mengatasi situasi ekonomi pasar yang tidak stabil perlu adanya sinergi baik dari pemerintah pusat dan daerah, terlebih dalam perluasan dan peningkatan program revitalisasi pasar. “Selain itu pemerintah juga dapat memberikan subsidi agar terjadi peningkatan kualitas produk di pasar, sehingga masyarakat juga dapat berbelanja dengan nyaman,” katanya. Dia juga menyarankan program digitalisasi pasar agar pasar tradisional dapat beradaptasi dengan zaman.
“Untuk memudahkan pedagang pasar agar dapat bertahan di segala situasi ekonomi diperlukan regulasi-regulasi yang memudahkan seperti CSR bagi pelaku usaha terkait dengan pasar tradisional, pemberian insentif dan keringanan bagi penerapan pajak untuk produk yang dijual, memberikan kemudahan akses sistem pembayaran bagi pedagang dan pembeli, serta regulasi perlindungan bagi seluruh pedagang pasar yang kondusif tidak hanya di pusat namun juga di daerah,"" ucapnya.
* BACA BERITA TERKINI LAINNYA DI GOOGLE NEWS
Advertisement
Belum Pulih
Sekretaris Jenderal Asosiasi Pedagang Pasar Seluruh Indonesia (APPSI) Mujiburrohman juga mengungkapkan bahwa pedagang pasar masih belum sepenuhnya pulih dari keterpurukan akibat pandemi COVID-19.
“Banyak pedagang pasar yang mengeluh omzetnya menurun. Oleh karena itu, saya berharap bahwa daya beli masyarakat akan cepat pulih,” katanya.
Mujiburrohman menjelaskan dampak nyata dari kerugian yang dirasakan oleh pedagang pasar adalah adanya kesulitan untuk membayar biaya operasional karena kenaikan harga, utamanya harga barang-barang yang menjadi sumber pendapatan tetinggi dan perputaran uang terbanyak bagi para pedagang pasar, dan penurunan omzet penjualan.
Banyak pedagang pasar yang mengeluhkan ke dirinya atas hal tersebut dan berharap bahwa situasi dan kondisi akan segera membaik.
""Pedagang pasar belum punya alternatif lain untuk mengatasi permasalahan omzet. Semua kembali ke pemerintah yang harus menjadi agregator untuk memfasilitasi pedagang pasar melalui kebijakan yang sesuai agar kondisi ekonomi pedagang pasar bisa kembali pulih,"" tutup Mujiburrohman."
liputan6.com,"Liputan6.com, Jakarta - Peningkatan angka inflasi bakal jadi dampak pasti dari kenaikan harga BBM Subsidi. Bahkan, kenaikan angka inflasi ini dipredikasi sulit untuk dikendalikan.
Ekonom dari Center of Reform on Economic (CORE) Indonesia Piter Abdullah mengatakan tak ada cara yang bisa efektif menambal dampak tersebut.
Baca Juga
""Tidak ada cara yg diperkirakan bisa efektif menahan lonjakan inflasi kalau BBM subsidi dinaikkan. Solusi terbaik adalah tidak menaikkan harga BBM subsidi,"" ujar dia kepada Liputan6.com, Kamis (25/8/2022).
Advertisement
Piter melihat, kenaikan harga BBM seperti Pertalite mengerek inflasi di atas 6 persen. Bahkan prediksi Piter bisa mencapai 8 persen.
""Ketika itu terjadi daya beli masyarakat akan terpangkas, pertumbuhan ekonomi juga tertahan. Target pertumbuhan ekonomi pemerintah sulit tercapai,"" ujarnya.
""Bagi pekerja dan kelompok masyarakat bawah kenaikan inflasi umumnya tidak diiikuti kenaikan gaji, Daya beli mereka akan terpangkas, kesejahteraan menurun,"" tambahnya.
Jika dihadapkan pada dua pilihan, Piter menyampaikan kalau pemerintah seharusnya memilih menambah subsidi ketimbang bertaruh dengan dampak menaikkan BBM.
""Kalau saya, sebaiknya pemerintah tidak menaikkan harga BBM subsidi, APBN masih bisa menanggung nya,"" ujar dia.
Tak akan Stagflasi
Piter menyebut, ketika inflasi naik, daya beli masyarakat akan terpangkas. Jika digabung dengan kenaikan suku bunga, akan menahan konsumsi dan pertumbuhan ekonomi.
Kendati demikian ia tak menyebut Indonedia akan masuk ke stagflasi. Dimana kondisi perekonomian mengalami resesi sementara inflasi melonjak tinggi.
""Meskipun pertumbuhan ekonomi akan tertahan tapi saya perkirakan tidak akan sampai resesi. kenaikan suku bunga ini ditujukan untuk menahan lonjakan inflasi dengan mengurangi likuiditas di perekonomian,"" kata dia.
Dampak ini yang menurutnya tidak bisa terhindarkan jika pemerintah menaikkan harga BBM Subsidi. Ia juga tak memprediksi berapa lama efek domino ini akan dirasakan masyarakat.
Advertisement
Bank Indonesia Sudah Bersiap
Sementara itu, Piter tak menampik telah melihat sinyal-sinyal kuat kenaikan harga BBM Subsidi. Salah satunya langkah Bank Indonesia yang berencana menaikkan suku bunga acuan.
Tujuannya, untuk meredam inflasi yang meningkat yang diprediksi akibat dari naiknya harga BBM Subsidi.
""Seperti saya sampaikan dalam banyak kesempatan sebelumnya ada kemungkinan BI menaikkan suku bunga acuan apabila BI memperkirakan kedepan ada lonjakan inflasi yang dipicu oleh kenaikan harga bbm subsidi,"" kata dia.
""Saya menduga BI dalam hal sudah memperkirakan--atau sudah berkoordinasi--pemerintah akan menaikkan harga BBM subsidi,"" ujar dia.
Kenaikan suku bunga berperan untuk menahan lonjakan inflasi tidak terlalu tinggi. Dengan demikian kenaikan suku bunga memperkuat bahwa pemerintah akan menaikkan BBM Subsidi.
""Tapi dalam hitungan kami di CORE, kenaikan suku bunga acuan tidak akan mampu menahan lonjakan inflasi apabila harga BBM subsidi dinaikkan,"" pungkasnya.
Masih di Evaluasi
Menteri Koordinator Bidang Perekonomian, Airlangga Hartarto mengatakan pemerintah masih membahas rencana kenaikan harga BBM atau Bahan Bakar Minyak. Saat ini pemerintah masih melakukan evaluasi sampai 2 hari kedepan.
""Terkait dengan evaluasi (harga BBM) masih dilakukan dalam 1-2 hari ini,"" kata Airlangga di Istana Negara, Jakarta, Rabu (24/8).
Hasil evaluasi tersebut kata dia akan dilaporkan terlebih dahulu kepada Presiden Joko Widodo. Baru setelahnya akan diambil keputusan bersama antara pemerintah dengan kepala negara.
""Minggu ini akan kami laporkan kepada presiden, akan dilaporkan terlebih dahulu,"" katanya.
Sebelumnya, Menteri Investasi Bahlil Lahadalia kembali memberikan sinyal kenaikan harga Bahan Bakar Minyak (BBM) bersubsidi.
Dia menyebut tahun ini pemerintah telah mengalokasikan dana hingga Rp 502 triliun hanya untuk menahan kenaikan harga BBM dari harga keekonomiannya.
Advertisement"
liputan6.com,"Liputan6.com, Jakarta - Kenaikan angka Inflasi menjadi ancaman yang paling serius di Indonesia dan juga belahan dunia lainnya. Walaupun begitu, patut disyukuri Indonesia mempunyai daya tahan dalam menghadapi situasi yang memang penuh dengan ketidakpastian.
Anggota DPR RI Komisi XI Muhammad Miskhbahun menjelaskan, dalam nota keuangan Rancangan Anggaran Pendapatan Belanja Negara (RAPBN) 2023 bahwa pemerintah melakukan upaya-upaya antisipasi ekonomi global yang menghadapi ancaman stagflasi.
Baca Juga
""Stagflasi adalah fase berikutnya setelah inflasi tinggi, begitu inflasi tinggi terjadi penurunan terhadap daya beli. Pemerintah ingin RAPBN 223 ada upaya program dalam upaya meningkatkan produktivitas,"" ujar Misbahun, Jakarta, Rabu (21/9/2022).
Advertisement
Pemerintah berharap dengan adanya windfall dari produk mineral serta hilirisasi sektor tambang dan perkebunan dapat memberikan windfall terhadap cadangan devisa dan penerimaan perpajakan.
""ini adalah upaya pemerintah yang sungguh-sungguh bagaimana APBN menjadi absorber sebagai peredam kecut terhadap situasi-situasi yang penuh dengan ketidakpastian yang datangnya dari situasi ekonomi global, dan kita bersyukur indonesia saat ini sedikit negara yang mampu bertahan dari gempuran dari situasi yang sangat berat dari eko global karena adanya windfall peneriman yang luar biasa dari sumber daya alam kita,"" jelas dia.
Miskhbahun mengatakan pemerintah yang melakukan upaya bagaimana daya beli masyarakat tetap tahan yang itu melakukan upaya yang serius dalam bentuk belanja, dalam bentuk subsidi dan kompensasi, arah pemerintah bagaimana tetap tumbuh tapi kita juga kemudian ruang fiskal yang memadai.
""Kebijakan subsidi ini luar biasa dilakukan pemerintah bagaimana daya beli masyarakat tetap bertahan karena kalau kita perhatikan krisis global salah satu disebabkan oleh pasokan energi yang mengalami hambatan,"" kata Misbahun.
Lebih lanjut, Miskhbahun memastikan dengan adanya peran Rusia dan Ukraina, hingga situasi perang dagang antara China dan Amerika Serikat bisa dipastikan situasi ini akan memakan waktu yang cukup panjang.
""Ini yang harus diantisipasi oleh pemerintah dalam bentuk pemberian subsidi supaya rumah eko kita menjadi lebih berkualitas dan tidak digerus oleh kondisi inflasi, yang menggerus kualitas pertumbuhan,"" terang dia.
OJK: Pengembangan Pusat Ekonomi Daerah Jadi Kunci Lawan Stagflasi
Banyak negara saat ini dihadapkan dengan tantangan stagflasi, dimana pertumbuhan ekonomi cenderung tetap tapi dibayangi dengan tingkat inflasi yang tinggi. Guna menghadapinya, diperlukan penguatan pusat-pusat ekonomi baru.
Misalnya, adanya pengembangan pusat ekonomi daerah-daerah. Dengan begitu, ada kekuatan ekonomi dalam lingkup-lingkup kecil, tapi di sisi lain juga mampu diperbanyak dan meluas.
Anggota Dewan Komisioner Otoritas Jasa Keuangan (OJK) bidang Edukasi dan Perlindungan Konsumen Friderica Widyasari Dewi mengungkap itu perlu diterapkan di Indonesia. Salah satunya, di Sumatera Barat.
""Jadi ini suatu perpaduan yang tidak biasa, ekonominya stagnan tapi ada inflasi termasuk di sini ya Pak ya, Jadi kita melihat harus didorong dengan pengembangan pusat-pusat ekonomi baru di daerah di regional seperti sekarang,"" kata dia dalam penutupan Gernas Bangga Buatan Indonesia Sumatera Barat, Jumat (16/9/2022).
Friderica menyampaikan kalau masyarakat juga antusias dalam mendukung pengembangan ekonomi daerah ini. Tertuang dalam banyaknya penyerapan produk lokal, khususnya UMKM.
Hal yang sama juga ia contohkan dengan menggunakan proudk UMKM. Menurutnya, kini kualitas produk lokal sudah semakin meningkat dan bisa bersaing dengan produk-produk dari luar negeri.
""Kalau dulu ibu-ibu beli baju batik atau tenun harga puluhan ribu, sekarang jutaan, juga oke aja kan memang kualitasnya sudah naik kelas luar biasa mereka,"" kata dia.
""Sekarang saya bangga setiap hari saya pakai tenun saya pakai batik dengan harga yang premium pun kami tidak tidak berkeberatan karena kualitas bagus,"" tambahnya.
Di samping itu, ia mengapresiasi para pelaku usaha lokal di daerah yang bisa mengembangkan ekonomi di daerahnya. Untuk itu, Friderica memastikan OJK akan terus mendukung upaya pengembangan ekonomi daerah tersebut.
Advertisement
Percepat Pemulihan Ekonomi Nasional
Dewan Komisioner Otoritas Jasa Keuangan (OJK) terus bersinergi dengan Menteri Koordinator Bidang Perekonomian (Menko Perekonomian) Airlangga Hartarto untuk mempercepat program pemulihan ekonomi nasional.
Ketua Dewan Komisioner OJK Mahendra Siregar mengatakan, jajaran dewan komisioner OJK pada Jumat (19/8/2022) melakukan kunjungan ke Kantor Kemenko Perekonomian, Jakarta untuk meningkatkan komunikasi dan koordinasi guna semakin memperkuat sinergi dalam upaya percepatan pemulihan ekonomi.
""Kami membahas beberapa hal dan tentunya kami siap untuk meningkatkan koordinasi dengan pemerintah, dalam hal ini dengan Kemenko Perekonomian,"" kata Mahendra dalam keterangan tertulis, Sabtu (20/8/2022).
Reporter: Siti Ayu Rachma
Sumber: Merdeka.com"
liputan6.com,"Liputan6.com, Jakarta - PT Merdeka Gold Resources Tbk (EMAS), perusahaan induk yang bergerak di pertambangan emas dan mineral pengikutnya akan melepas maksimal 1,61 miliar saham ke publik dengan nilai nominal Rp 150 per saham.
Jumlah saham yang dilepas dalam rangka penawaran saham perdana ke publik atau initial public offering (IPO) maksimal 10% dari modal ditempatkan dan disetor Perseroan setelah IPO Emas. Harga saham perdana yang ditawarkan ke publik antara Rp 1.800-Rp 3.020 per saham. Dengan demikian, dana ipo yang akan diraup maksimal Rp 4,88 triliun. Demikian mengutip dari laman e-ipo, Senin (8/9/2025).
Baca Juga
Dana hasil dari IPO antara lain USD 20 juta atau sekitar Rp 328,4 miliar (asumsi kurs tengah Bank Indonesia per 3 September 2025 sebesar Rp 16.418) untuk yang muka setoran modal secara bertahap kepada PT Pani Bersama Tambang. Lalu sekitar USD 20 juta atau sekitar Rp 328,4 miliar akan disalurkan Perseroan dalam bentuk pinjaman kepada PT Puncak Emas Tani Sejahtera.
Advertisement
Kemudian sisa dana hasil IPO untuk pembayaran lebih awal kepada PT Merdeka Copper Gold Tbk (MCG) sampai dengan seluruh pokok terutang yang timbul berdasarkan perjanjian utang piutang 8 April 2022 sebagaimana diubah dengan amandemen terakhir pada 21 Agustus 2024. Adapun MCG merupakan pemegang saham pengendali Perseroan.
Kinerja Keuangan
Untuk melaksanakan IPO ini, Perseroan telah menunjuk tiga penjamin pelaksana emisi efek antara lain PT Indo Premier Sekuritas, PT Trimegah Sekuritas Indonesia Tbk, dan PT Sinarmas Sekuritas.
Kinerja
Hingga Desember 2024, Perseroan mencatat pendapatan USD 1,74 juta dari periode sama tahun sebelumnya USD 1,39 juta. Perseroan mencatat rugi periode tahun berjalan yang dapat diatribusikan kepada pemilik entitas induk sebesar USD 12,69 juta hingga Desember 2024 dari Desember 2023 sebesar USD 6,83 juta.
Perseroan belum mencatat pendapatan dan masih mencatat rugi USD 9,21 juta hingga kuartal I 2025. Ekuitas Perseroan tercatat USD 273,03 juta hingga 2024 dari 2023 sebesar USD 155,19 juta. Liabilitas Perseroan tercatat USD 256,68 juta hingga 2024 dari 2023 sebesar USD 173,45 juta. Aset Perseroan naik menjadi USD 529,72 juta hingga Desember 2024 dari Desember 2023 sebesar USD 328,65 juta.
Advertisement
Pemegang Saham Setelah IPO
Setelah IPO, pemegang saham Perseroan antara lain MCG sebesar 62,01%, PT Elias Aldana Manajemen sebesar 0,89%, PT Unitras Kapital Indonesia sebesar 1,95%, PT Nugraha Eka Kencana sebesar 1,33%.
Kemudian Winato Kartono sebesar 9,18%, Hardi Wijaya Liong sebesar 3,93%, Santoso Kartono sebesar 1,24%, Sakti Wahyu Trenggono sebesar 0,53%, Edi Permadi sebesar 1,33%, Garibaldi Thohir sebesar 6,14% Koperasi Unit Desa Dharma Tani sebesar 0,50% dan masyarakat sebesar 10,98%.
Kebijakan Dividen
Mengutip laman e-ipo, Perseroan akan mulai melakukan pembagian dividen pada 2032.
Adapun sesuai dengan peraturan perundang-undangan yang berlaku di Indonesia khususnya UUPT, keputusan pembayaran dividen mengacu pada ketentuan-ketentuan yang terdapat pada anggaran dasar Perseroan dan persetujuan pemegang saham melalui Rapat Umum Pemegang Saham (RUPS) berdasarkan rekomendasi direksi Perseroan. Pembayaran dividen hanya dapat dilakukan apabila Perseroan mempunyai saldo laba positif.
Jadwal IPO
Jadwal sementara:
- Masa penawaran awal pada 8-10 September 2025
- Tanggal efektif pada 15 September 2025
- Masa penawaran umum pada 17-19 September 2025
- Tanggal penjatahan pada 19 September 2025
- Tanggal distribusi saham secara elektronik pada 22 September 2025
- Tanggal pencatatan di BEI pada 23 September 2025
Advertisement"
news.liputan6.com,"Liputan6.com, Jakarta - Kepala Divisi Humas Polri Irjen Setyo Wasisto mengungkapkan, Satuan Tugas (Satgas) Pangan Polri terus memantau harga bahan pokok di pasar-pasar seluruh Indonesia menjelang akhir tahun, agar harga tetap stabil.
Dalam pemantauan ini, Setyo mengatakan, mendapat laporan per provinsi, juga laporan soal kenaikan harga cabai di Jawa Timur.
Ia menegaskan, pihaknya akan menindak tegas jika terbukti ada oknum yang memainkan harga bahan pokok, termasuk yang terjadi di Jawa Timur. Untuk di Jawa timur, Polri hingga saat ini masih mendalami apakah terjadi permainan harga atau tidak.
Advertisement
""Saya dapat laporan ada beberapa daerah yang meningkat tinggi sekali (harga cabai) sampai Rp 55 ribu. Tapi kalau melihat daerah produksi Jawa Timur dilaporkan sampai Rp 55 ribu per kilogram, harga normalnya Rp 20 sampai Rp 25 ribu per kilogram karena di sana seperti Blitar dan sekitarnya adalah penghasil cabe merah,"" ujar Setyo di Humas Mabes Polri, Kebayoran Baru, Jakarta Selatan, Rabu (20/12/2017).
Selidiki Kenaikan Harga Pangan di Jawa Timur
Setyo menambahkan, cuaca yang kerap berubah-ubah dan kendala distribusi menjadi penyebab terjadinya kenaikan harga bahan-bahan pokok di pasar.
""Kalau di beberapa daerah kendala cuaca artinya kendala distribusinya. Tetapi kalau kita melihat Jawa Timur yg merupakan penghasil, sedang kita selidikilah,"" ucap Setyo.
Setyo memastikan, selama ini Satgas Pangan sudah melakukan operasi pasar guna mengawasi harga bahan pokok. Dan sejauh ini, kata dia, operasi pasar tersebut berjalan lancar.
Saksikan Video Pilihan di Bawah Ini:
Advertisement"
otomotif.liputan6.com,"Liputan6.com, Jakarta PT Pertamina Persero mengatakan bahwa Premium, lineup BBM dengan RON paling rendah (RON 88) yang masih dijual di Indonesia, mulai ditinggalkan. Hal ini terlihat melalui jumlah penjualan.
Berdasarkan data Pertamina yang dipresentasikan kepada sejumlah wartawan, pangsa pasar Premium, market share-nya tinggal 44 persen. Padahal ia pernah mencapai angka tertinggi sebesar 85 persen. Bensin lain, Pertamax dan Pertlite, masing-masing menguasai 18 persen dan 38 persen.
Advertisement
Baca Juga
""38 persen konsumen Premium ke Pertalite, 14 persennya ke Pertamax. Memang lebih banyak konsumen beralih ke Pertalite karena lebih terjangkau,"" ujar Afandi, Vice President Retail Fuel Marketing PT Pertamina di Kantor Pusat Pertamina, di Jakarta, Selasa (4/4/2017).
Menurut Afandi, peralihan itu tidak lain disebabkan karena pengguna kendaraan bermotor di Indonesia sudah semakin sadar dengan kualitas BBM. Mereka sudah semakin tahu bahwa bahan bakar yang baik, yang tidak mengandung timbal, juga berkontribusi terhadap keawetan kendaraan.
""Sekarang konsumen sudah sadar kualitas,"" terang Afandi. ""Selain itu banyak kendaraan baru sekarang standarnya memang sudah pakai RON 90. Bahkan angkot juga sekarang pakai Pertalite, karena mereka anggap lebih hemat ketimbang Premium,"" tambahnya.
Afandi mengatakan, perpindahan jenis BBM ini terutama terjadi di Jawa. Bahkan di pulau terpadat di Indonesia ini konsumsi Premium bahkan hanya mencapai 30 persen, lebih kecil ketimbang rata-rata konsumsi Premium nasional. ""Kalau di Sulawesi, Kalimantan, itu Premium masih mayoritas,"" tutup Afandi."
properti.liputan6.com,"Liputan6.com, Jakarta Usai bulan madu, usai sudah masa romantis. Biasanya begitu Anda mulai tinggal di rumah sendiri yang baru di beli bersama pasangan—bukan lagi di rumah orangtua—masa gajian adalah masa-masa menunaikan kewajiban, membayar tagihan.
(Baca juga: Tagihan Listrik Makin Mahal? Ini Caranya Agar Jadi Murah!)
Baca Juga
Dan, salah satu tagihan yang lumayan menguras pundi-pundi keuangan Anda adalah tagihan listrik. Bengkaknya biaya pemakaian listrik biasanya dipicu penggunaan alat-alat listrik yang banyak memakan daya.
Advertisement
Asal tahu saja, seperti yang dirangkum dari Rumah.com, berikut adalah beberapa alat rumah tangga yang lumayan banyak memakan daya listrik dan cara yang benar memanfaatkannya. Gunakan dengan bijak agar Anda bisa lebih hemat.
1. Setrika
Si kecil ini memang butuh energi besar untuk memanaskan bagian bawahnya. Setrika memakan daya listrik hingga 300 watt. Untuk mengatasinya, sesuaikan panasnya dengan jenis pakaian yang Anda setrika, dan tak perlu dipanaskan hingga maksimal.
Misal, jenis pakaian katun biasanya hanya membutuhkan panas yang sedang, sedangkan bahan jeans bisa setingkat di atasnya. Lalu, bahan sutra dan linen membutuhkan panas yang lebih rendah.
Selain itu, perhatikan bagian bawahnya, jika kotor sebaiknya segera bersihkan. Kerak pada bawah setrika membuat setrika membutuhkan daya lebih besar untuk menghasilkan panas.
2. Microwave
Memang, sih, sekarang banyak microwave yang hemat listrik tapi banyak banyak pula yang butuh daya listrik besar sekitar 600 watt. Batasi penggunaan microwave satu kali sehari untuk memanggang makanan.
Jangan lupa membersihkan microwave setelah digunakan, karena kotoran sisa makanan di dalamnya membuat microwave harus bekerja keras untuk menghangatkan makanan saat digunakan.
Peralatan Boros Listrik di Rumah
3. Dispenser
Terutama yang memiliki pendingin dan penghangat air, karena memakan daya listrik mulai 80-450 watt. Sebaiknya Anda memang baru menyalakan pendingin atau pemanasnya ketika akan digunakan.
(Simak juga: Aneka pilihan perumahan dengan udara yang sejuk mulai harga Rp500 jutaan)
Jadi jangan biarkan dispenser menyala setiap saat. Lagipula untuk mendapatkan air hangat atau dingin tak butuh waktu lama.
4. Mesin cuci
Daya listrik mesin cuci sekitar 250-300 watt, terutama yang terdiri atas dua tabung. Penyebab terbesar mesin cuci boros listrik adalah proses pengeringan memeras dan mengeringkan pakaian.
Jika memang matahari cukup terik, Anda bisa menjemur pakaian di luar tanpa harus mengeringkannya di mesin cuci. Mencuci juga sebaiknya tidak dilakukan setiap hari, misalnya 2-3 kali seminggu.
5. Pompa Air
Untuk rumah yang tidak berlangganan PDAM, pompa listrik jelas menjadi andalan. Masalahnya daya sedot pompa juga membuat tagihan listrik membengkak. Selain harus menghemat air, Anda dapat mempertimbangkan pemilihan jenis pompa saat akan memasang pompa air.
Gunakan pompa yang sudah dikenal dan aturlah daya mesinnya dengan menggunakan kekuatan sedang. Cara ini membuat daya listrik lebih stabil.
6. AC
Bukan rahasia lagi jika inilah alat rumah tangga yang selalu bikin tagihan listrik melonjak tinggi. Apalagi jika Anda tinggal di dataran rendah seperti Jakarta, AC jelas sangat dibutuhkan. Masalahnya masih banyak AC yang daya listriknya lebih dari 800 watt.
Untuk itu sesuaikan suhu AC dengan suhu ruangan, yaitu AC sebaiknya tidak terlalu jauh dari suhu 23-24°C, karena suhu di bawah 20°C cenderung membutuhkan daya listrik yang besar.
Rina Susanto
Advertisement"
regional.liputan6.com,"Liputan6.com, Medan - Stok narkoba jenis sabu di Jakarta diperkirakan menipis hingga menyebabkan harganya melambung. Hal itu dimanfaatkan para bandar untuk memasok barang haram ke Ibu Kota.
Direktur IV Tindak Pidana Narkotika Bareskrim Polri Brigjen Eko Daniyanto mengatakan, saat ini harga 1 gram sabu di Jakarta mencapai Rp 2,5 juta, sedangkan di Papua 1 gram mencapai Rp 3,5 juta.
""Tingginya harga sabu di Jakarta, mengundang para bandar untuk memperoleh untung besar. Mereka terus berupaya memasok narkotika itu ke Ibu Kota,"" kata Eko di Rumah Sakit Bhayangkara Polda Sumut, Jalan KH Wahid Hasyim, Medan, Kamis, 23 Maret 2017.
Menurut dia, para bandar narkoba itu bisa meraup miliaran rupiah dari setiap kilogram sabu yang mereka pasok ke Jakarta. Diperkirakan, mereka membayar sekitar Rp 200 juta per kilogram sabu di Malaysia. Begitu sampai di Aceh atau Medan, harganya menjadi Rp 400 juta hingga Rp 600 juta per kilogram.
Baca Juga
Advertisement
""Sampai di Jakarta bisa leih mahal, menjadi Rp 2,5 miliar. Nah ini alasan mereka, para bandar, berlomba-lomba masok sabu ke ibu kota,"" ungkap Eko.
Eko mengungkapkan, sejauh ini bandar narkoba yang sering muncul adalah jaringan Malaysia-Aceh-Medan-Jakarta. Namun untuk jaringan China dan Iran, sampai saat ini belum banyak terpantau pihak kepolisian.
Salah satu jaringan narkoba itu baru-baru ini ditangkap tim Direktorat IV Tindak Pidana Narkotika Bareskirm Polri. Dalam pengungkapan itu, seorang bandar dan koordinator transporternya ditembak mati di Kota Medan, Sumatera Utara.
Keduanya bersama sejumlah kurir diduga telah memasok sekurangnya 91 kg sabu, 350 ribu butir pil ekstasi, dan 450 ribu butir pil happy five yang dipasok dari Medan. ""Hasil penyelidikan kita, sebagian besar sudah didistribusikan di Jakarta,"" ujar Eko.
Tewasnya Bandar Pemilik Kendaraan Mewah
Petugas Badan Reserse Kriminal Markas Besar Kepolisian Republik Indonesia (Bareskrim Mabes Polri) menembak mati dua terduga bandar narkoba jaringan internasional di Kota Medan, Sumatera Utara.
Direktur Tindak Pidana Narkoba Bareskrim Mabes Polri Brigjen Eko Daniyanto mengatakan, penembakan dua anggota jaringan narkoba itu berawal dari terungkapnya kasus penyelundupan narkoba jenis sabu di Jakarta.
Saat itu pihaknya menangkap seorang bandar narkoba berinisial M, yang belakangan diketahui sebagai pengendali peredaran narkoba di Jakarta. Saat meringkus M, polisi menyita berbagai jenis narkoba seperti seperti 6,5 kilogram sabu, 190 ribu butir ekstasi, dan 50 ribu butir pil Happy Five.
""Barang haram itu kita temukan di tempat tinggal M, yaitu di Ruko Mewah Sedayu Square Blok K51 Kamal Kapuk, Jakarta,"" kata Eko di Rumah Sakit Bhayangkara Polda Sumut, Jalan KH Wahid Hasyim, Medan.
Berawal dari penangkapan M, muncul dua nama, yaitu H dan A alias Al yang beralamat di Perumahan Pondok Surya II, Medan Helvetia, Kota Medan. Husni diketahui berperan sebagai sindikat narkoba jaringan Malaysia-Aceh Tamiang-Medan-Jakarta, sedangkan A koordinator distribusi.
H dan A juga disebut M sebagai orang yang menyuruhnya untuk menjalankan bisnis haram tersebut. Berbekal informasi dari M, tim dari Mabes Polri kemudian bergerak ke Kota Medan untuk menyelidiki keduanya sejak Sabtu, 18 Maret 2017.
Setelah mendapatkan lokasi target operasi, polisi menggerebek keduanya pada Senin, 20 Maret 2017 kemarin, atau tiga hari setelah penyelidikan. Ketika digerebek, keduanya melawan hingga petugas menembak mereka.
""H dan A sempat melakukan perlawanan. Mereka kemudian diberikan tindakan tegas hingga akhirnya meninggal dunia. Setelah kita selidiki, ternyata rumah tersebut merupakan rumah istri kedua H,"" kata Eko.
Saat rumah H digeledah, pihak kepolisian menemukan satu pucuk senjata api berjenis AK 47 beserta amunisi sebanyak 250 kaliber 5,6 dan sepucuk revolver dengan lima amunisi dan sebuah sangkur.
Tidak hanya itu, polisi juga menyita sejumlah kendaraan mewah seperti satu Pajero Sport, satu mobil Toyota Harrier, satu mobil Honda Jazz, satu Mitsubishi Outlander, dan satu Harley Davidson.
""Kita juga mengamankan beberapa buku tabungan dari rumah tersebut. Hal ini untuk keperluan penyelidikan. Semuanya kita amankan dari rumah H,"" ucap Eko.
Eko menyebut, dalam penyelidikan lebih lanjut yang dilakukan oleh pihaknya, diketahui bahwa H merupakan resedivis Polrestabes Medan pada 2013.
H merupakan resedivis kasus narkotika yang dihukum 6,5 tahun penjara. Namun, H hanya menjalankan hukuman 3,5 tahun penjara. H dihukum karena kedapatan membawa narkoba jenis sabu sebanyak 2 kilogram.
""Berarti tidak ada kapoknya si H ini, setelah keluar kembali melakukan tindakan serupa,"" kata Eko.
Advertisement"
showbiz.liputan6.com,"Liputan6.com, Jakarta - Dinas luar negeri yang dilakukan Anang Hermansyah ke Polandia mendadak jadi buah bibir warganet. Tak sedikit yang mempertanyakan keberadaan Ashanty di sisi Anang Hermansyah.
Kebanyakan orang mengira biaya yang dikeluarkan Ashanty ke Polandia bersama Anang Hermansyah menggunakan uang negara. Dihubungi melalui telepon, Jumat (24/11/2017), Anang Hermansyah pun angkat bicara.
Advertisement
Baca Juga
""Engak apa-apa, pertanyaan itu betul. Harus dipertanyakan memang. Silahkan cek di sekretariat DPR. Di situ sangat terbuka kok untuk dicek,"" kata Anang Hermansyah.
Dibayarin Anang
Menurut Anang, ialah yang meminta agar Ashanty ikut mendampinginya ke Polandia. Namun, semua biaya yang dikeluarkan Ashanty, menggunakan uang pribadi Anang Hermansyah.
""Aku selalu minta ditemani istri kalau lagi kunjungan ke luar negeri. Tetapi dengan biaya sendiri pastinya,"" tutur mantan suami Krisdayanti ini.
Pelantun lagu ""Jodohku"" ini mengaku tak terganggu dengan ucapan miring warganet yang menuding dirinya dan Ashanty telah menggunakan uang negara untuk keperluan pribadi.
""Enggak apa-apa. Itu bentuk dinamika, kita kan negara demokrasi terbesar ketiga di dunia. Jadi enggak apa-apalah,"" ujar Anang Hermansyah. (Ras)
Advertisement"
surabaya.liputan6.com,"Liputan6.com, Surabaya - General Manager PLN UID Jawa Timur Lasiran mengatakan, pihaknya mencatat kenaikan beban puncak listrik tertinggi pada Rabu 13 April, yakni 6.088 MW, naik sebesar 6,43 persen dibanding tahun 2021.
""Meski mengalami kenaikan beban puncak, namun pasokan listrik masih aman dengan daya mampu sebesar 9.206 MW,"" ujarnya, Kamis (21/4/2022).
Berdasar data Maret 2022 untuk Jawa Timur, pelanggan tarif sosial mengalami pertumbuhan sebesar 15,79 persen, sedangkan sektor bisnis mengalami kenaikan sebesar 9 persen, sektor Industri mengalami kenaikan sebesar 6,4 persen, dan pertumbuhan total tercatat sebesar 4,20 persen.
Advertisement
“Kenaikan konsumsi listrik ini menandakan aktivitas masyarakat sudah pulih, Jatim bangkit. PLN memastikan akan terus memberikan layanan listrik terbaik untuk mendukung kegiatan masyarakat terutama di bulan Ramadhan dan menyambut Idul Fitri 1443 Hijriah,"" ucap Lasiran.
Disisi lain, mengimbangi kenaikan konsumsi listrik, PLN pun terus menggencarkan penggunaan energi terbarukan dan pengurangan emisi karbon melalui gaya hidup baru yaitu electrifying lifestyle lewat penggunaan peralatan elektronik yang rendah emisi dan ramah lingkungan.
Promo Ramadhan
""Untuk mendorong minat dan atensi masyarakat beralih ke energi bersih, PLN pun menjalankan sejumlah program yang meringankan pelanggan seperti diskon biaya tambah daya listrik dan kemudahan layanan pasang baru jika memiliki kendaraan listrik ataupun kompor induksi,"" ujar Lasiran.
PLN juga memberikan promo ramadhan berkah yakni diskon tambah daya listrik hanya senilai Rp 150 ribu bagi rumah ibadah dengan pilihan kenaikan daya dari 2.200 hingga 11.000 VA.
""Hingga 12 April sebanyak 798 pelanggan di Jawa Timur telah memanfaatkan program ini. Promo berlangsung mulai dari 29 Maret hingga 31 Mei 2022,"" ucap Lasiran.
Advertisement"
surabaya.liputan6.com,"Liputan6.com, Jakarta - Wali Kota Surabaya, Tri Rismaharini (Risma) membeberkan cerita soal menciptakan harga pangan murah dan terjangkau di tengah kondisi alam yang kurang memadai di Surabaya, Jawa Timur.
Berkat penelitian yang dilakukan oleh mahasiswa, Surabaya tak pernah lagi merasakan harga cabai mahal.
""Tidak pernah dibayangkan sekarang kita bisa punya tomat, selada keripik, kami sudah bisa tanam sendiri di Surabaya. Jadi makanya harga sayur di Surabaya itu lebih rendah jadi tidak ada cabai mahal. Orang Surabaya tidak ada ngeluh cabai mahal karena kami bisa nanam cabai sendiri,"" ujar dia di Jakarta, seperti dilansir Merdeka, Rabu (31/7/2019).
Advertisement
Baca Juga
Dia mengatakan, pada awal pemerintahannya, Surabaya memiliki inflasi cukup tinggi dikontribusikan oleh mahalnya harga sayur-sayuran. Hal ini disebabkan oleh kondisi cuaca kota tersebut yang cukup panas dan sulit ditanami tumbuh-tumbuhan.
Tidak habis akal, Risma mengajak para peneliti untuk menciptakan inovasi yang dapat membuat Surabaya lebih sejuk dengan bantuan awan buatan. Saat ini, bukan hanya sayuran yang dapat tumbuh tetapi juga kondisi cuaca yang tadinya 35 derajat celsius menjadi rata-rata paling tinggi 30 derajat celsius.
""Di awal saya jadi wali kota, inflasi tertinggi awal dipicu sayuran. Karena sayuran itu mahal sekali karena kami tidak punya produksi sayuran. Sayuran semua diambil dari luar, akhirnya warga Surabaya saya gerakkan untuk menanam sayur,"" ujar dia.
Risma melanjutkan, sayur produksi masyarakat Surabaya kini bukan lagi untuk konsumsi sendiri melainkan sudah menjadi salah satu sumber penghasilan. Terobosan tersebut pun meningkatkan taraf hidup dan kesejahteraan masyarakat.
""Cara saya mengurangi pengeluaran yang pertama itu adalah pendidikan gratis, kesehatan gratis, kemudian saya memberikan bibit dengan harapan kalau dia membeli sayur sendiri, bukan hanya sayur tapi kolam lele. Kolamnya bisa dikecilkan dibesarkan sesuai ukuran rumahnya dia,"" ujar dia.
Reporter: Anggun P.Situmorang
Sumber: Merdeka.com
Saksikan Video Pilihan di Bawah Ini
Harga Cabai Rawit Tembus Rp 85 Ribu per Kg di Sidoarjo
Harga cabai rawit di Pasar Larangan, Sidoarjo, Jawa Timur menembus Rp 85 ribu per kilogram (kg) dari harga sebelumnya yang berada di kisaran Rp 40 ribu per kg.
Pedagang Eny W menuturkan, kenaikan harga cabai rawit itu terjadi sejak satu bulan terakhir.
""Sebelumnya harganya Rp 40 ribu per kilogram, kini terus mengalami kenaikan sampai dengan Rp 85 ribu setiap kilogram,"" ujar dia seperti dilansir Antara.
Ia menuturkan, saat ini pihaknya tidak berani menyimpan stok cabai lebih banyak, karena khawatir tidak laku, mengingat daya beli masyarakat juga menurun untuk beli cabai keriting.
""Jika biasanya kami menyetok barang sebanyak 10 kilogram setiap harinya, kini hanya sekitar lima kilogram,"" tutur dia.
Ia menuturkan, untuk cabai rawit, kemampuan bertahannya hanya satu sampai dua hari, berbeda dengan komoditas lain seperti bawang putih yang mampu bertahan sampai satu bulan.
""Untuk komoditas lainnya seperti mentimum juga naik dari Rp 8 ribu menjadi Rp 13 ribu per kilogram,"" ujar dia.
Hal senada disampaikan juga oleh Rohayati, pedagang lainnya yang menuturkan kalau ada beberapa komoditas lain yang alami kenaikan terutama jelang Idul Adha.
""Sayur terong yang biasanya Rp 6 ribu per kilogram, naik menjadi Rp 10 ribu per kilogramnya. Biasanya akan naik sampai Rp 14 ribu setiap kilogram menjelang hari besar seperti Idul Adha,"" kata dia.
Advertisement"
tekno.liputan6.com,"Liputan6.com, Jakarta - Secanggih apa pun smartphone yang kamu miliki, kalau tak ada aplikasi akan terasa hampa. Sebuah aplikasi dapat membuat smartphone menjadi jauh lebih bermanfaat, baik untuk mendukung aktivitas sehari-hari maupun keperluan pekerjaan.
Baca Juga
Advertisement
Namun terkadang, aplikasi membuat daya baterai cepat terkuras karena berbagai hal. Misalnya, aplikasi tersebut terus aktif di latar belakang, seperti sering memeriksa update atau notifikasi dari server.
Avast selaku penyedia produk keamanan digital merilis laporan 'Avast Android App Performance & Trend Report Q1 2017', yang salah satunya memaparkan daftar aplikasi yang paling menguras daya baterai.
Dari data yang tim Tekno Liputan6.com terima, Rabu (16/8/2017) di Jakarta, Facebook, WhatsApp, Snapchat, dan Line masuk ke dalam 10 besar aplikasi yang paling boros baterai, baik yang berjalan di latar belakang atau karena penggunaan. Berikut ini daftar lengkapnya:
Facebook, WhatsApp, dan WeChat merupakan aplikasi utama yang masuk dalam kategori di atas. Untuk mengurangi konsumsi daya baterai, kamu bisa meng-uninstall aplikasi Facebook dan cukup menggunakan versi web.
Editor video buatan Samsung menduduki posisi kedua dalam daftar aplikasi yang paling menguras baterai. Hal itu disebabkan karena aplikasi membutuhkan sumber daya pemrosesan (CPU) dan grafis (GPU) secara intensif dari smartphone untuk mengedit dan menambahkan efek ke video.
Dalam daftar ini Spotify, Netflix, dan Snapchat juga menjadi aplikasi paling boros baterai.
Melibatkan 3 Juta Pengguna Android
Untuk diketahui, 'Avast Android App Performance & Trend Report' ini dibuat berdasarkan kumpulan data anonim berjumlah lebih dari 3 juta pengguna Android di seluruh dunia.
Data aplikasi yang terdapat pada laporan ini mencakup periode Januari sampai Maret 2017 dan hanya merangkum aplikasi berasal dari Google Play, di mana Avast menganalisis minimal ukuran sampel sebanyak 50.000 penggunaan.
Gagan Singh, SVP dan GM Mobile Business Avast mengatakan bahwa statistik industri menunjukkan penjualan smartphone naik 9,1 persen pada kuartal pertama di tahun ini dan perangkat Android terus mendominasi pangsa pasar.
""Bagaimana pun juga, smartphone yang memiliki harga terjangkau mampu menyediakan fitur kapasitas penyimpanan yang memadai sehingga tingkat penggunaan aplikasi akan semakin tinggi. Itu dapat mempengaruhi performa ponsel,” ujarnya.
Gagan menuturkan, dengan mengetahui aplikasi favorit apa yang paling banyak mengonsumsi daya baterai, data internet, dan kapasitas penyimpanan merupakan hal yang sangat penting sehingga pengguna dapat mengatur smartphone yang digunakan secara rutin.
(Isk/Ysl)
Tonton Video Menarik Berikut Ini:
Advertisement"
tv.liputan6.com,"Liputan6.com, Jakarta Walau kenaikan tarif pengurusan STNK dan BKPB sudah berlaku, tidak menghalangi minat masyarakat untuk mengurus surat kendaraan bermotor. Kapolri menyatakan kenaikan tarif dilakukan agar sebanding dengan pelayanan yang makin meningkat.
Sementara itu, tak hanya biaya pembuatan STNK dan BPKB yang naik, sejak 1 Januari 2017 pemerintah resmi mencabut subsidi listrik berkapasitas 900 Volt Ampere. Karena konsumennya tak terkategori miskin sementara konsumen listrik 450 Volt Ampere tetap disubsidi
Simak tayangan video selengkapnya dalam tautan ini.
Advertisement"
