url,domain,text,title,date
https://www.tempo.co/ekonomi/investasi-dan-lambat-pertumbuhan-ekonomi-1204654,tempo.co,"Ringkasan Berita
Pertumbuhan ekonomi Indonesia makin lambat dan tertahan di kisaran 5 persen.
Kekeliruan strategi dalam mengarahkan investasi menyebabkan ekonomi tidak efisien.
Prabowo mengandalkan program populis untuk mendorong pertumbuhan ekonomi.
TREN perlambatan ekonomi Indonesia masih berlanjut. Pada 2022-2023, tingkat pertumbuhan ekonomi kita melambat dari 5,31 persen menjadi 5,05 persen. Tahun lalu, angkanya hanya 5,03 persen.
- Akses edisi mingguan dari Tahun 1971
- Akses penuh seluruh artikel Tempo+
- Baca dengan lebih sedikit gangguan iklan
- Fitur baca cepat di edisi Mingguan
- Anda Mendukung Independensi Jurnalisme Tempo",Wajah Buruk Pengelolaan Investasi,2025-02-09
https://www.tempo.co/ekonomi/dampak-tarif-trump-bagi-ekonomi-indonesia-menurut-ekonom-ipb-university-ekspor-turun-inflasi-naik-1230774,tempo.co,"TEMPO.CO, Jakarta - Ekonom IPB University Hermanto Siregar mengatakan kebijakan tarif yang diterapkan Presiden Amerika Serikat Donald Trump bisa berdampak buruk bagi Indonesia. Hal ini terjadi bila pemerintah gagal melakukan negosiasi dan tidak memiliki langkah mitigasi yang efektif.
Dalam kajiannya, Hermanto mengatakan penurunan nilai ekspor bisa mencapai 20 hingga 30 persen. ""Kenaikan inflasi bisa 1 hingga 2 persen dan kontraksi GDP sebesar 0,5 hingga 1 persen,"" kata Hermanto dalam acara diskusi 'Dinamika dan Perkembangan Dunia Terkini: Geopolitik, Keamanan dan Ekonomi Global' yang diselenggarakan TYI di Jakarta, Minggu, 13 April 2025.
Hermanto mengatakan pemerintah perlu menerapkan kebijakan jangka pendek dan jangka menengah-panjang untuk merespons kebijakan tarif Trump. Salah satu kebijakan jangka pendek ini bisa dilakukan dengan diversifikasi ekspor. ""Kita butuh ini. Sekaligus ini adalah reformasi untuk perbaikan ke depan,"" ujarnya.
Menurut dia, pasar potensial untuk produk-produk Indonesia, selain pasar Amerika. Misalnya, India, Uni Eropa, atau negara-negara Timur Tengah untuk ekspor produk halal.
Untuk kebijakan jangka menengah-panjang, Hermanto melanjutkan, pemerintah bisa melakukan diversifikasi dan resiliensi perdagangan. Cara ini bisa ditempuh dengan membidi pasar-pasar baru. ""Targetkan setidaknya 20 persen ekspor digeser ke pasar non-Amerika,"" kata dia. Selain itu, pemerintah perlu mengembangkan hilirisasi.
Kebijakan berikutnya menurut Hermanto adalah modernisasi industri dengan meningkatkan efisiensi dan transaksi digital. Kemudian, melakukan penguatan permintaan domestik. Ia merekomendassikan pemerintah menaikan target konsumsi masyarakat dengan meningkatkan upah minimum yang didukung kenaikan produktivitas. Kemudian, memberikan jaring pengaman sosial.
Lebih lanjut, Hermanto merekomendasikan pemerintah untuk melakukan integrasi regional dan global. Caranya, dengan memperdalam integrasi perdagangan ASEAN. ""Turunkan tarif intra-regional ke 0 persen misalnya di tahun 2028, sehingga dapat menciptakan market buffer terhadap global shocks yang cukup tinggi,"" kata dia.
Strategi lainnya, ujar Hermanto, adalah strategi critical minerals. Ia mengatakan pemerintah perlu memposisikan Indonesia sebagai salah satu mitra kunci Amerika dalam rantai pasok nikel dan cobalt. ""Ini ahar bisa memperoleh pengecualian tarif dengan penyelerasan terhadap Biden-era IRA frameworks,"" kata dia.
Donald Trump menerapkan kebijakan tarif respirokal seiring memanasnya perang dagang Amerika Serikat dengan Cina. Teranyar, Trump mengenakan total tarif yang mencapai 145 persen untuk Cina. Sebaliknya, negara tirai bambu itu telah menetapkan tarif sebesar 84 persen untuk Amerika.
Dalam unggahan panjang di media sosial X miliknya, Trump menjelaskan bahwa keputusan menaikkan tarif didorong oleh sikap Cina yang ia nilai kurang menghargai pasar global. Ia meyakini pemerintah Beijing akan sadar bahwa era “merampok” Amerika dan negara lain sudah berakhir. Menurut Trump, model perdagangan yang dijalankan Cina selama ini tidak adil dan tidak bisa dibiarkan terus berlanjut.
Sementara itu, Donald Trump menangguhkan seluruh tarif impor tinggi yang diberlakukan kepada sejumlah negara selama 90 hari. Trump mengatakan keputusan tersebut diambil karena antusiasme sejumlah negara untuk bernegosiasi dengannya. Ia berujar, lebih dari 75 negara telah mengirimkan delegasi untuk bertemu dengan pihak Amerika Serikat, termasuk Kantor Perwakilan Dagang Amerika Serikat (USTR). Sebelum penangguhan, Trump mengenakan tarif impor 32 persen kepada Indonesia.
“Faktanya, lebih dari 75 negara telah memanggil perwakilan AS, termasuk Departemen Perdagangan, Departemen Keuangan, dan USTR untuk merundingkan solusi bagi subjek yang dibahas,” ujar Trump.
Bukan Sekadar Strategi Ekonomi
Direktur Eksekutif The Yudhoyono Institute (TYI) Agus Harimurti Yudhoyono alias AHY menyebut kebijakan tarif tinggi yang diberlakukan Presiden Amerika Serikat Donald Trump bukan sekadar strategi ekonomi. ""Ini adalah simbol kembalinya pendekatan realisme ofensif melalui pendekatan ekonomi dan hubungan internasional,"" kata AHY, Minggu, 13 April 2025. Realisme ofensif merupakan teori hubungan internasional yang menyatakan bahwa negara-negara cenderung bersaing dan berperilaku agresif.
AHY mengatakan kenaikan tarif tersebut berdampak pada kondisi pasar keuangan maupun sektor ril. Dampaknya, risiko resesi global tahun ini bisa meningkat panjang. ""Unfortunately, ini adalah fakta baru dunia,"" tutur Ketua Umum Partai Demokrat ini.
Adapun sebelumnya, Presiden Prabowo menyatakan Indonesia tidak akan memihak Cina atau Amerika Serikat dalam perang dagang soal tarif impor. Menurut dia, Cina dan AS adalah sahabat dekat Indonesia. Sehingga tidak mungkin memutus kerja sama ekonomi dengan negara tirai bambu tersebut maupun Amerika.
""Kami menghormati semua negara. Kami menganggap Cina sebagai teman baik kami. Kami juga menganggap AS sebagai teman baik. Kami ingin menjadi jembatan,” kata Prabowo.
Prabowo berharap Cina dan Amerika Serikat akan mencapai kesepakatan dalam perang dagang ini. Ia juga berharap untuk bertemu dengan Presiden AS Donald Trump untuk membahas masalah ini.
Prabowo juga mengatakan ingin bertemu Presiden Amerika Serikat Donald Trump untuk membahas perang dagang yang semakin memanas antara AS dan Cina. “Saya sudah minta waktu, mudah-mudahan ya,” Prabowo Antalya Diplomacy Forum, Turki, 11 April 2025, dari keterangan resminya di YouTube Sekretariat Presiden.
Eka Yudha Saputra berkontribusi dalam penulisan artikel ini.
Pilihan Editor; Tarif Impor Trump: Menilik Efek Buruk Terhadap 10 Komoditi Ekspor Indonesia","Dampak Tarif Trump bagi Ekonomi Indonesia Menurut Ekonom IPB University: Ekspor Turun, Inflasi Naik",2025-04-13
https://www.tempo.co/ekonomi/alasan-purbaya-ingin-alihkan-dana-pemerintah-rp-200-triliun-dari-bi-ke-bank-bumn-2068662,tempo.co,"MENTERI Keuangan Purbaya Yudhi Sadewa mengungkap alasannya ingin mengalihkan uang pemerintah Rp 200 triliun yang selama ini disimpan di Bank Indonesia (BI) ke bank BUMN. Peralihan dana itu untuk menggerakkan sektor riil dan perekonomian secara keseluruhan.
Seusai rapat dengan komisi XI Dewan Perwakilan Rakyat (DPR) pada Rabu, 10 September 2025, Purbaya menjelaskan ide awalnya. “Begitu saya masuk ke keuangan, sebelumnya sudah kami lihat bahwa sistem finansial kita agak kering, maka ekonominya melambat,” kata dia.
Karena itu, ucap Purbaya, sekitar dua tahun terakhir orang susah mencari kerja. Menurut dia, selama ini ada kesalahan kebijakan moneter dan fiskal. “Saya lihat, Kemenku (Kementerian Keuangan) bisa berperan di situ dengan memindahkan sebagian uang yang selama ini ada di bank sentral, kebanyakan, ada Rp 430 triliun, saya pindahkan ke sistem perbankan.""
Ia melanjutkan, dana yang dialihkan dari BI itu nantinya diharapkan menyebar di sistem keuangan, sehingga uang bisa tumbuh dan ekonomi bisa bergeliat. Menteri yang baru dilantik Presiden Prabowo Subianto pada 8 September lalu itu mengaku telah berbicara dengan Deputi Gubernur Senior BI soal rencananya tersebut. “Saya juga sudah bicara dengan Deputi Senior Bank Indonesia untuk tidak menyerap uang itu sehingga uangnya bisa dipakai untuk jadi likuiditas di perbankan.”
Purbaya menjelaskan bahwa uang akan tersimpan dalam bentuk rekening pemerintah di bank. Jadi, kata dia, pemerintah hanya sekedar menyimpan. “Tapi kan bank tidak akan mendiamkan uang itu, ada cost-nya. Dia (bank) akan terpaksa mencari return (hasil) yang lebih tinggi dari cost-nya. Di situ lah mulai ada pertumbuhan, kredit tumbuh,” kata bekas Ketua Dewan Komisioner LPS itu.
Secara keseluruhan Purbaya ingin memaksa memaksa mekanisme pasar berjalan lebih cepat dengan memberi suntikan dana. Sehingga ekonomi tumbuh lebih cepat. Rencana ini semula diungkap dalam rapat dengan Komisi XI DPR 10 September 2025. Seusai rapat dengan DPR, Menkeu baru itu menghadap Presiden Prabowo. Purbaya menyatakan bahwa kepala negara sudah menyetujui rencana tersebut.",Alasan Purbaya Ingin Alihkan Dana Pemerintah Rp 200 Triliun dari BI ke Bank BUMN,2025-09-11
https://www.tempo.co/ekonomi/di-balik-kurs-rupiah-lemah-terhadap-dolar-amerika-serikat-1205804,tempo.co,"TEMPO.CO, Jakarta - Pada akhir pekan pertama bulan Februari, nilai mata uang rupiah tercatat berada di angka Rp16.283 per dolar Amerika Serikat. Namun, kurs rupiah kian lama terus melemah hingga akhirnya menyentuh Rp 16.358 pada Senin, 10 Februari 2025.
“Untuk perdagangan besok, mata uang rupiah diprediksi fluktuatif, namun ditutup melemah dengan rentang pergerakan di Rp 16.310 – Rp 16.400 per dolar AS,” kata pengamat mata uang Ibrahim Assuaibi pada Kamis, 6 Februari 2025.
Eskalasi Konflik Amerika Serikat dan Cina
Menurut Ibrahim, kurs rupiah mengalami pelemahan karena faktor eksternal atas meningkatnya ketegangan perang dagang antara Amerika Serikat dan Cina. Ibrahim mengungkapkan bahwa sentimen eksternal menjadi faktor utama pelemahan kurs rupiah.
Ketegangan antara Amerika Serikat dan Cina mengalami eskalasi atau peningkatan setelah Washington memberlakukan tarif baru sebesar 10 persen terhadap barang impor dari Cina. Atas kebijakan tersebut, Cina lantas membalas dengan memberlakukan tarif dan kontrol ekspor sendiri. Berdasarkan analisis oleh JPMorgan, perang dagang antara kedua negara adikuasa tersebut berpotensi semakin parah jika Amerika Serikat melanjutkan rencana penerapan tarif hingga mencapai 60 persen.
“Langkah ini telah meningkatkan kekhawatiran atas meningkatnya ketegangan perdagangan dan dampak potensialnya terhadap ekonomi global,” kata Ibrahim.
Selain terkait tarif, Ibrahim juga menyoroti perkataan Trump pada Ahad, 9 Februari 2025. Ibrahim mengatakan bahwa Trump menyebut Amerika Serikat telah membuat kemajuan dengan Rusia untuk mengakhiri perang dengan Ukraina.
Namun, Trump menolak untuk memberikan rincian terhadap komunikasi yang dilakukannya dengan Presiden Rusia Vladimir Putin. Sementara itu, sanksi yang dijatuhkan pada perdagangan minyak Rusia pada 10 Januari lalu telah mengganggu pasokan Moskow ke Cina dan India selaku klien utama.
Lemahnya Pendapatan dan Daya Beli Masyarakat
Selain faktor eksternal, kondisi internal Indonesia juga menjadi pemicu melemahnya kurs rupiah terhadap dolar Amerika Serikat. Menurut Ibrahim, pemerintah harus mendorong industri manufaktur dalam rangka mendukung target pertumbuhan ekonomi sebesar 5,2 persen pada 2025.
“Hal tersebut sudah terlihat ada indikasi terjadi tren deindustrialisasi dalam beberapa tahun terakhir,” ujarnya.
Tren deindustrialisasi harus disikapi karena sektor manufaktur merupakan penyerap tenaga kerja terbesar di Indonesia. Jika industri manufaktur kian lama semakin melemah, maka masyarakat kesulitan mendapatkan lapangan kerja. Dengan demikian, maka masyarakat akan beralih ke sektor informal yang sulit diharapkan untuk meningkatkan kesejahteraan masyarakat, baik dalam jangka menengah maupun jangka panjang untuk saat ini.
“Tidak heran apabila daya beli masyarakat menurun, upah pekerja informal tidak sebanding dengan pekerja formal,” kata Ibrahim.
Dalam dua tahun terakhir, pertumbuhan ekonomi Indonesia semakin melemah yang mengindikasi semakin surutnya daya beli masyarakat, terutama kelas menengah. Ibrahim menjelaskan bahwa pertumbuhan ekonomi yang awalnya sebesar 5,31 persen pada 2022 menurun menjadi 5,05 persen pada 2023.
Pada 2024 lalu, angka tersebut semakin menunjukkan pelemahan hingga akhirnya menjadi 5,03 persen. Pada kenyataannya, konsumsi rumah tangga sebagai motor utama pertumbuhan ekonomi tidak lagi tumbuh lebih tinggi dari laju ekonomi sendiri.
Kelas menengah di Indonesia mendapat tekanan karena harga kebutuhan terus membengkak dari waktu ke waktu. Sementara itu, kebijakan pemerintah gagal melindungi kepentingan kelas menengah dengan terus-menerus memihak pada kelompok ekonomi bawah melalui bantuan sosial, namun semakin membebani kaum kelas menengah dengan berbagai pungutan pajak.
""Hal ini membuat konsumsi rumah tangga sulit meningkat, sehingga pertumbuhan ekonomi kehilangan salah satu pendorong utama,"" kata Ibrahim.
Ervana Trikarinaputri dan Dinda Shabrina berkontribusi dalam penulisan artikel ini.
Pilihan Editor: Rupiah Ditutup Melemah Hari Ini, Bagaimana Prediksi Besok",Di Balik Kurs Rupiah Lemah Terhadap Dolar Amerika Serikat,2025-02-11
https://www.tempo.co/ekonomi/simak-harga-emas-pegadaian-saat-cuti-bersama-18-agustus-2025-2060177,tempo.co,"PT PEGADAIAN merilis harga emas pada hari cuti bersama, 18 Agustus 2025. Harga emas PT Aneka Tambang Tbk (Antam) untuk satuan terkecil atau 0,5 gram dijual Rp 1.033.000.
Sementara itu, harga emas Antam ukuran 1 gram dijual Rp 1.963.000. Anak usaha PT Bank Rakyat Indonesia (Persero) Tbk. atau BRI ini juga merilis harga emas batangan UBS. Harga emas UBS di Pegadaian untuk ukuran 0,5 gram dihargai Rp 1.023.000, lalu ukuran 1 gram dibanderol Rp 1.893.000.
Harga emas Galeri 24 ukuran terkecil atau 0,5 gram adalah Rp 987.000. Sedangkan harga emas batangan Galeri 24 ukuran 1 gram dihargai Rp 1.881.000. Berikut ini harga emas Antam, UBS dan Galeri 24 hari ini dikutip dari laman Pegadaian.
Harga emas Antam
0.5 gram: Rp 1.033.000
1 gram: Rp 1.963.000
2 gram: Rp 3.863.000
3 gram: Rp 5.769.000
5 gram: Rp 9.579.000
10 gram: Rp 19.101.000
25 gram: Rp 47.623.000
50 gram: Rp 95.164.000
100 gram: Rp 190.246.000
250 gram: Rp 475.340.000
500 gram: Rp 950.462.000
1 kilogram: Rp 1.900.881.000
Harga emas UBS
0.5 gram: Rp 1.023.000
1 gram: Rp 1.893.000
2 gram: Rp 3.756.000
5 gram: Rp 9.280.000
10 gram: Rp 18.461.000
25 gram: Rp 46.060.000
50 gram: Rp 91.930.000
100 gram: Rp 183.787.000
250 gram: Rp 459.332.000
500 gram: Rp 917.580.000
Harga emas Galeri 24
0.5 gram: Rp 987.000
1 gram: Rp 1.881.000
2 gram: Rp 3.705.000
5 gram: Rp 9.194.000
10 gram: Rp 18.338.000
25 gram: Rp 45.731.000
50 gram: Rp 91.388.000
100 gram: Rp 182.686.000
250 gram: Rp 456.488.000
500 gram: Rp 912.526.000
1 kilogram: Rp 1.825.052.000",Simak Harga Emas Pegadaian Saat Cuti Bersama 18 Agustus 2025,2025-08-18
https://www.tempo.co/hukum/kpk-uang-khalid-basalamah-jadi-bukti-ada-aliran-dana-ke-kemenag-2071626,tempo.co,"KOMISI Pemberantasan Korupsi (KPK) menyatakan uang yang disita dari Khalid Zeed Abdullah Basalamah menjadi bukti terdapat aliran dana ke Kementerian Agama. KPK menyita uang dari Khalid Basalamah dalam penyidikan dugaan korupsi kuota haji khusus 2024.
""Sebagai bukti memang di dalam pembagian kuota ini ada sejumlah uang yang diminta oleh oknum dari Kemenag,"" kata Pelaksana Tugas Deputi Penindakan dan Eksekusi KPK Asep Guntur Rahayu di kantornya, Jakarta Selatan, Kamis, 18 September 2025.
Asep mengatakan pejabat di Kementerian Agama diduga meraup duit calon jemaah lewat agen perjalanan haji. Caranya, para calon jemaah haji khusus dimintai uang dengan alasan agar proses keberangkatan dapat dipercepat tanpa harus mengantre seperti jemaah reguler. ""Jadi, pembagian kuota itu tidak begitu saja. Ada sejumlah uang yang diminta kepada jemaah,"" ucapnya.
Khalid Basalamah, yang juga Ketua Majelis Utama Travel Indonesia Arahan Haji dan Umrah (Mutiara Haji), mengungkap pengalamannya diperiksa sebagai saksi oleh KPK dalam sebuah siniar di YouTube pada 13 September 2025.
Khalid menuturkan awalnya ia bersama 122 jemaah Uhud Tour sudah melunasi biaya visa haji furoda beserta akomodasi dan transportasi di Arab Saudi. Belakangan Komisaris PT Muhibbah Mulia Wisata, Ibnu Mas’ud, menghubungi Sekretaris Jenderal Mutiara Haji, Luthfi Abdul Jabbar, untuk mengatur pertemuan.
Dalam pertemuan itu, Ibnu Mas’ud menawarkan visa haji khusus dari jatah tambahan 20 ribu kuota yang diklaim resmi dari Pemerintah Arab Saudi. Khalid mulanya menyatakan tak berminat dengan tawaran tersebut.
Ibnu Mas’ud lalu menjelaskan jika visa haji khusus dari jatah tambahan 20 ribu kuota resmi ini bisa langsung berangkat. Para pemegang visa pun dijanjikan mendapat fasilitas maktab VIP yang lokasinya dekat dengan jamarat.
Mendapat informasi tersebut, Khalid Basalamah tertarik. Ia lalu menjelaskan per jemaah haji harus membayar US$ 4.500 untuk mendapatkan visa dengan keuntungan tersebut.
Namun, sebanyak 37 dari 122 jemaah belum diurus visanya oleh Ibnu Mas’ud dan diminta membayar tambahan sebesar US$ 1.000 per jemaah. Setelah itu, Khalid mengaku baru menyadari uang tersebut dianggap sebagai biaya jasa untuk Ibnu Mas’ud.
Khalid bertanya seperti itu karena dirinya merupakan ustad, sehingga harus paham halal dan haram. Namun, Ibnu Mas’ud mengancam tidak mau melanjutkan proses visa jemaahnya untuk berangkat haji.
Usai pelaksanaan ibadah haji, Khalid menuturkan Ibnu Mas’ud mengembalikan biaya sebesar US$ 4.500 per jemaah. Belakangan, Komisi Pemberantasan Korupsi meminta uang itu dan Khalid mengaku telah menyerahkannya kembali.
KPK mengumumkan memulai penyidikan perkara dugaan korupsi dalam penentuan kuota haji pada Kementerian Agama tahun 2023-2024, yakni pada 9 Agustus 2025. Pengumuman dilakukan KPK setelah meminta keterangan kepada mantan Menteri Agama Yaqut Cholil Qoumas dalam penyelidikan kasus korupsi kuota haji tersebut pada 7 Agustus 2025.",KPK: Uang Khalid Basalamah Jadi Bukti Ada Aliran Dana ke Kemenag,2025-09-20
https://www.tempo.co/ekonomi/efek-trump-pada-kebijakan-moneter-bi-1165816,tempo.co,"Ringkasan Berita
Kemenangan Donald Trump akan mengerek nilai tukar dolar Amerika Serikat terhadap rupiah.
Trump melempar pernyataan yang mengancam independensi The Fed.
Kebijakan moneter Bank Indonesia menjadi pertaruhan.
PASAR finansial lagi-lagi harus mengantisipasi periode penuh gejolak setelah Donald Trump kembali menjadi Presiden Amerika Serikat. Besar kemungkinan Trump akan menjalankan kebijakan yang kurang menguntungkan atau membuat panas pasar keuangan.
- Akses edisi mingguan dari Tahun 1971
- Akses penuh seluruh artikel Tempo+
- Baca dengan lebih sedikit gangguan iklan
- Fitur baca cepat di edisi Mingguan
- Anda Mendukung Independensi Jurnalisme Tempo",Efek Trump pada Kebijakan Moneter BI,2024-11-10
https://www.tempo.co/kolom/mitigasi-krisis-iklim-indonesia-cop29-1168400,tempo.co,"Ringkasan Berita
Delegasi Indonesia di COP29 Azerbaijan dipimpin Hashim Djojohadikusumo, pengusaha dan adik Presiden Prabowo Subianto.
Penunjukan itu merupakan konflik kepentingan sebagai pengusaha dan keluarga penguasa.
Alih-alih mencegah pemanasan global, Hashim mendagangkan proyek hijau untuk mendapatkan pendanaan dan hibah.
BARU kali ini delegasi Indonesia dalam Konferensi Perubahan Iklim Perserikatan Bangsa-Bangsa dipimpin pengusaha. Bukan sembarangan pengusaha, ketua delegasi Indonesia dalam Conference of the Parties (COP) Ke-29 di Baku, Azerbaijan, tak lain adalah Hashim Djojohadikusumo, adik Presiden Prabowo Subianto.
- Akses edisi mingguan dari Tahun 1971
- Akses penuh seluruh artikel Tempo+
- Baca dengan lebih sedikit gangguan iklan
- Fitur baca cepat di edisi Mingguan
- Anda Mendukung Independensi Jurnalisme Tempo",Berdagang Krisis Iklim ala Hashim,2024-11-15
https://www.tempo.co/internasional/10-mata-uang-terkuat-dan-terlemah-di-dunia-2025--1563553,tempo.co,"TEMPO.CO, Jakarta - Dalam dunia perdagangan global, nilai tukar mata uang sering kali menjadi barometer kekuatan ekonomi sebuah negara. Meski mendominasi sebagai mata uang yang paling banyak diperdagangkan, ternyata bukan dolar AS yang menduduki puncak sebagai mata uang terkuat dunia saat ini. Di sisi lain, sejumlah mata uang justru berada di titik nadir, nilainya hanya sebagian kecil dari satu dolar AS.
Dikutip dari laman Forbes dan Xe Corporation, berikut daftar 10 mata uang terkuat dan terlemah di dunia 2025 berdasarkan nilai tukar dengan dolar AS.
Mata Uang Terkuat Dunia
Di sisi lain, sejumlah mata uang menunjukkan kekuatan luar biasa, terutama dari negara dengan ekonomi stabil, cadangan devisa besar, dan kontrol ketat terhadap inflasi.
1. Dinar Kuwait (KWD)
Dinar Kuwait tetap menjadi mata uang terkuat di dunia. Kekuatan ini ditopang ekspor minyak yang besar, manajemen fiskal konservatif, serta sistem nilai tukar berbasis keranjang mata uang.
2. Dinar Bahrain (BHD)
Bahrain mengandalkan ekspor minyak dan sektor jasa keuangan, ditambah kebijakan nilai tukar tetap terhadap dolar AS.
3. Rial Oman (OMR)
Stabilitas ekonomi Oman diperkuat oleh pendapatan migas, pengelolaan moneter ketat, dan pengendalian inflasi yang efektif.
4. Dinar Yordania (JOD)
Meski di tengah ketegangan regional, dinar Yordania tetap kuat berkat kebijakan moneter terkendali dan arus remitansi dari pekerja di luar negeri.
5. Pound Inggris (GBP)
Sebagai pusat keuangan dunia, Inggris mempertahankan kekuatan mata uangnya dengan ekonomi yang beragam dan pasar keuangan yang dalam.
6. Pound Gibraltar (GIP)
Mata uang ini dipatok 1:1 terhadap pound Inggris, didukung sektor pariwisata, keuangan, dan pelabuhan.
7. Dolar Kepulauan Cayman (KYD)
Dengan posisi sebagai pusat keuangan global, Cayman Islands mengandalkan perbankan internasional dan sistem regulasi yang stabil.
8. Franc Swiss (CHF)
Stabilitas ekonomi, inflasi rendah, dan reputasi sistem perbankan membuat franc Swiss jadi salah satu mata uang terkuat dunia.
9. Euro (EUR)
Mata uang gabungan 20 negara ini kuat berkat skala ekonomi besar dan integrasi perdagangan di kawasan Eropa.
10. dolar AS (USD)
Meski bukan yang tertinggi nilainya, dolar AS tetap mendominasi perdagangan global berkat statusnya sebagai mata uang cadangan utama dunia.
Mata Uang Terlemah di Dunia
Nilai mata uang terlemah di dunia mencerminkan persoalan ekonomi yang mendalam, mulai dari krisis politik, inflasi tinggi, hingga beban utang luar negeri.
1. Pound Lebanon (LBP)
Mata uang Lebanon menjadi yang terlemah di dunia, dengan nilai tukar 1 dolar AS setara hampir 90 ribu pound Lebanon. Penyebab dari rendahnya nilai tukar mata uang ini adalah karena krisis ekonomi berkepanjangan, inflasi tak terkendali, pengangguran melonjak, serta gejolak politik di negara tersebut.
2. Rial Iran (IRR)
Sanksi internasional dan isolasi ekonomi menekan mata uang rial milik Iran yang nilainya hanya 0.000024 dolar per 1 rial. Satu dolar AS setara lebih dari 42 ribu rial.
3. Dong Vietnam (VND)
Nilai 1 dong hanya sekitar 0.000039 dolar. Perlambatan ekspor dan kebijakan suku bunga tinggi di AS memberi tekanan pada mata uang Vietnam ini.
4. Kip Laos (LAK)
Satu kip setara 0.000046 dolar, membuat 1 dolar AS bisa ditukar dengan lebih dari 21 ribu kip. Ekonomi Laos yang stagnan dan utang luar negeri menambah beban.
5. Rupiah Indonesia (IDR)
Dengan nilai 0.000061 dolar per 1 rupiah, dolar AS setara lebih dari 16 ribu rupiah. Penyebabnya adalah karena adanya inflasi dan kekhawatiran resesi global yang mempengaruhi pelemahan nilai tukar rupiah.
6. Som Uzbekistan (UZS)
Mata uang Uzbekistan ini berada di angka 0.000077 dolar per 1 som. Faktor yang memperlemah nilai tukar mata uang ini adalah adanya reformasi ekonomi yang belum tuntas ditambah korupsi yang terjadi.
7. Franc Guinea (GNF)
Satu franc Guinea hanya senilai 0.00012 dolar. Negara ini kaya emas dan berlian, namun dihantui inflasi tinggi dan instabilitas politik.
8. Guarani Paraguay (PYG)
Satu dolar AS setara hampir 8 ribu guarani. Inflasi, korupsi, dan peredaran uang palsu memperparah posisi mata uang Paraguay.
9. Ariary Madagaskar (MGA)
Ariary diperdagangkan di kisaran 0.00022 dolar per unit. Madagaskar mengandalkan ekspor vanila, nikel, dan cengkeh, namun nilai tukarnya tetap tertekan.
10. Franc Burundi (BIF)
Satu dolar AS setara sekitar 2.900 franc Burundi. Negara ini mengandalkan ekspor kopi dan teh, namun ketidakstabilan politik dan ekonomi membuat nilai tukarnya lemah.",10 Mata Uang Terkuat dan Terlemah di Dunia 2025,2025-05-27
https://www.tempo.co/ekonomi/indef-program-diskon-tarif-listrik-layak-diulang-2076582,tempo.co,"KEPALA Pusat Pangan, Energi, dan Pembangunan Berkelanjutan Institute for Development of Economics and Finance (INDEF) Abra Talattov menilai penerapan diskon tarif listrik sebesar 50 persen bisa dilaksanakan kembali agar mendongkrak konsumsi masyarakat.
""Untuk itu, pemerintah perlu menimbang kebijakan tersebut agar dilaksanakan kembali seperti pada periode Januari-Februari 2025 lalu. Kebijakan pemerintah berupa diskon tarif listrik dapat dinikmati secara merata oleh masyarakat ke seluruh Indonesia,"" kata dia dalam keterangannya di Jakarta, Minggu, 5 Oktober 2025.
Menurut Abra, dengan berkurangnya beban tagihan listrik, masyarakat dapat mengalokasikan pengeluaran mereka ke kebutuhan lain, seperti bahan pokok dan layanan esensial yang pada akhirnya dapat meredam tekanan inflasi domestik.
Selama dua bulan pelaksanaan, program pemerintah melalui Kementerian Energi dan Sumber Daya Mineral (ESDM) tersebut, lanjutnya, diperkirakan mendorong tambahan konsumsi masyarakat.
Subsidi tarif listrik meningkatkan pendapatan riil masyarakat dengan mengurangi beban biaya, yang kemudian dapat meningkatkan daya beli dan memicu kenaikan konsumsi, efek dari peningkatan marginal propensity to consume (MPC) di mana sebagian besar porsi pendapatan dibelanjakan untuk konsumsi.
""Jadi, subsidi listrik menciptakan ruang bagi masyarakat untuk meningkatkan pengeluaran pada barang dan jasa lain,"" ujarnya.
Pada gilirannya, tambahan konsumsi masyarakat pasca pemberian diskon tarif listrik tersebut akhirnya berkontribusi terhadap peningkatan nilai Produk Domestik Bruto (PDB) serta pertumbuhan PDB.
Abra menegaskan tidak bisa dipungkiri, diskon tarif listrik tersebut menjadi opsi kebijakan yang relevan dalam memberikan stimulus ekonomi yang langsung dirasakan masyarakat sekaligus menjaga stabilitas ekonomi nasional.
""Konsumsi rumah tangga merupakan komponen terbesar dalam PDB Indonesia, yaitu sekitar 54,6 persen pada 2024. Dengan adanya penghematan biaya listrik, masyarakat akan mengalihkan pengeluaran ke sektor riil, sehingga menjaga momentum pertumbuhan ekonomi di awal tahun,"" katanya.",INDEF: Program Diskon Tarif Listrik Layak Diulang,2025-10-05
https://www.tempo.co/kolom/tata-kelola-pangan-dan-bulog-1197166,tempo.co,"Ringkasan Berita
Meski di masa pemerintahan Jokowi inflasi bisa ditekan rendah, sejatinya harga pangan relatif bergejolak.
Langkah operasi pasar atau pasar murah seperti yang kerap dilakukan Bulog tidak ubahnya tugas pemadam kebakaran.
Bulog punya kemampuan dan kapasitas untuk menjadi pelaku sekaligus pembentuk pasar.
TAHUN 2024 ditutup dengan prestasi yang moncer: tingkat inflasi 1,57 persen. Badan Pusat Statistik mengklaim ini adalah tingkat inflasi terendah sejak 1954. Kemampuan pemerintahan Presiden Joko Widodo memang teruji dalam mengendalikan inflasi, sebagaimana terlihat dari inflasi rata-rata selama 10 tahun (2015-2024) yang hanya 2,9 persen.
Capaian tersebut tergolong spektakuler karena menjadi inflasi terendah sejak Indonesia merdeka, terlepas dari cara-cara yang ditempuh. Presiden Jokowi memang tampak sangat peka terhadap kenaikan harga-harga yang bakal memicu inflasi, terutama harga pangan.
Berbagai langkah ditempuh, termasuk obral bantuan sosial. Dan sepertinya, upaya menjaga inflasi di level rendah seperti yang dilakukan pemerintah di era Jokowi diteruskan oleh Presiden Prabowo Subianto. Meski demikian, dilihat dari sumber inflasinya, capaian itu menyisakan masalah.
- Akses edisi mingguan dari Tahun 1971
- Akses penuh seluruh artikel Tempo+
- Baca dengan lebih sedikit gangguan iklan
- Fitur baca cepat di edisi Mingguan
- Anda Mendukung Independensi Jurnalisme Tempo",Perbaikan Tata Kelola Pangan Dimulai dari Bulog,2025-01-22
https://www.tempo.co/ekonomi/risiko-besar-ekonomi-indonesia-2025-1184586,tempo.co,"Ringkasan Berita
Kurs rupiah terhadap dolar Amerika Serikat melemah menjelang akhir tahun.
The Fed tak punya cukup ruang untuk menurunkan suku bunga.
Bank Indonesia membeli surat utang pemerintah Rp 150 triliun.
SEPEKAN terakhir, alarm bahaya menyala. Rupiah kian terancam. Dengan cepat kurs rupiah terhadap dolar Amerika Serikat merosot ke kisaran 16.300 per dolar, jauh melampaui batas psikologis 16 ribu yang dianggap sebagai ambang bahaya.
- Akses edisi mingguan dari Tahun 1971
- Akses penuh seluruh artikel Tempo+
- Baca dengan lebih sedikit gangguan iklan
- Fitur baca cepat di edisi Mingguan
- Anda Mendukung Independensi Jurnalisme Tempo",Risiko Besar Ekonomi pada 2025,2024-12-22
https://www.tempo.co/ekonomi/indef-ragu-pertumbuhan-ekonomi-indonesia-bisa-tembus-5-persen-2058824,tempo.co,"INSTITUTE for Development of Economics and Finance (INDEF) memproyeksikan pertumbuhan ekonomi Indonesia masih sulit menembus angka 5 persen. Wakil Direktur INDEF, Eko Listiyanto, mengatakan kinerja pada triwulan III 2025 kemungkinan berada di bawah 5 persen, sementara peluang mencapai target tersebut baru muncul di triwulan IV. “Triwulan III kemungkinan di bawah 5 persen. Hanya di triwulan IV momentum itu ada, tapi harus diambil secara strategis. Jangan menunggu Natal baru melakukan stimulus, sebaiknya mulai dari sekarang,” ujarnya saat ditemui di Menara Danareksa, Jakarta Pusat, pada Kamis, 14 Agustus 2025.
Menurut Eko, periode Natal dan Tahun Baru berpotensi besar menggerakkan perekonomian, tidak hanya melalui perjalanan mudik, tetapi juga dengan mendorong belanja masyarakat, khususnya di daerah. Aktivitas konsumsi di daerah, seperti belanja produk lokal, dinilai dapat menghidupkan ekonomi setempat dan memberi efek positif pada pertumbuhan nasional.
Meski demikian, ia menilai capaian pertumbuhan ekonomi dalam setahun penuh kemungkinan masih di bawah 5 persen. Salah satu tantangan terbesar adalah keterbatasan dana stimulus. “Stimulus banyak jenisnya, tapi kurang duitnya. Harusnya fokus ke tiga hal saja: memperbaiki daya beli, menciptakan lapangan kerja, dan menjaga stabilitas harga. Sisanya biarkan mekanisme pasar bekerja,” jelasnya.
Eko mengkritik kebijakan stimulus yang diarahkan ke sektor kurang strategis. Ia mencontohkan, bantuan untuk kegiatan hiburan memang bisa mendorong ekonomi, tetapi dampaknya tidak berkelanjutan. Sebaliknya, stimulus untuk sektor industri akan memberi efek langsung terhadap penciptaan lapangan kerja dan daya beli masyarakat.
Ia juga menyoroti masalah stabilitas harga, khususnya harga beras. Padahal, pemerintah menyebut cadangan beras nasional mencapai 4 juta ton. “Kalau cadangannya besar, kenapa harga beras masih naik? Yang dimakan rakyat adalah beras di pasar, bukan di gudang cadangan. Jadi harus dipastikan harganya stabil,” tegasnya.
Dengan strategi stimulus yang tepat sasaran, penguatan daya beli, penciptaan lapangan kerja, dan pengendalian harga bahan pokok, Eko optimistis pertumbuhan ekonomi di triwulan IV bisa mencapai 5 persen. Namun, ia menegaskan target setahun penuh tetap sulit melebihi angka tersebut.",INDEF Ragu Pertumbuhan Ekonomi Indonesia Bisa Tembus 5 Persen,2025-08-14
https://www.tempo.co/ekonomi/dampak-trump-ekonomi-indonesia-1165856,tempo.co,"Ringkasan Berita
Ketua Umum Asosiasi Pengusaha Indonesia Shinta Widjaja Kamdani mengatakan kebijakan proteksionisme Donald Trump dapat memicu kembali perang dagang dengan Cina. Indonesia pun bisa kena getahnya.
Penerapan tarif 20 persen bagi produk yang masuk ke Negeri Abang Sam juga berisiko terjadi pada barang-barang dari Indonesia.
Selain soal tarif bea masuk 20 persen, proteksionisme yang diterapkan Trump bisa membuat Indonesia kehilangan fasilitas sistem tarif preferensial umum atau generalized system of preferences dari Amerika Serikat.
BERDIRI di hadapan para pendukungnya di West Beach Palm Convention Center, Florida, Amerika Serikat, Rabu, 6 November 2024, Donald Trump berpidato selama sekitar 25 menit. Ia mendeklarasikan kemenangan dalam pemilihan umum Amerika melawan kandidat dari Partai Demokrat, Kamala Harris.
- Akses edisi mingguan dari Tahun 1971
- Akses penuh seluruh artikel Tempo+
- Baca dengan lebih sedikit gangguan iklan
- Fitur baca cepat di edisi Mingguan
- Anda Mendukung Independensi Jurnalisme Tempo",Dampak Donald Trump Menjadi Presiden Amerika Terhadap Ekonomi Indonesia,2024-11-09
https://www.tempo.co/ekonomi/harga-emas-antam-hari-ini-anjlok-rp35-ribu-jadi-rp1-482-000-per-gram-1167048,tempo.co,"TEMPO.CO, Jakarta - Harga emas batangan PT Aneka Tambang Tbk atau Antam hari ini anjlok sebesar Rp35 ribu. Terpantau dari situs web Logam Mulia, harga emas Antam per Selasa, 12 November 2024 adalah Rp1.482.000, merosot dari harga sebelumnya di Rp1.517.000.
Pada akhir pekan hingga Senin, 11 November, harga emas Antam terpantau stagnan di harga Rp1.517.000. Sedangkan pekan lalu harga sempat naik dari Rp1.539.000 menjadi Rp1.543.000, sebelum akhirnya turun menjadi Rp1.513.000. Menjelang akhir pekan pada Jumat, 8 November, harga sedikit naik menjadi Rp1.527.000.
Harga jual kembali atau buyback emas batangan Antam pada hari ini berada di angka Rp1.336.000, turun sebesar Rp35 ribu dari Rp1.371.000 pada Senin, 11 November 2024.
Semua transaksi buyback dengan nilai di atas Rp10.000.000 akan dikenai pajak penghasilan atau PPh 22 sebesar 1,5 persen. Aturan ini sesuai dengan Perubahan Peraturan Menteri Keuangan Nomor 112/PMK.03/2022 tentang Nomor Pokok Wajib Pajak (NPWP) untuk individu, badan usaha, dan instansi pemerintah.
Perubahan ini juga mencakup penggunaan Nomor Induk Kependudukan (NIK) sebagai NPWP. PPh 22 akan dipotong secara otomatis dari total nilai transaksi penjualan atau buyback.
Berikut daftar harga emas batangan Antam plus pajak penghasilan (PPh) 0,25 persen untuk perdagangan hari ini, seperti dilansir dari situs web resmi Logam Mulia.
0,5 gram: Rp792.978
1 gram: Rp1.485.705
2 gram: Rp2.911.260
3 gram: Rp4.341.828
5 gram: Rp7.202.963
10 gram: Rp14.350.788
25 gram: Rp35.751.155
50 gram: Rp71.423.113
100 gram: Rp142.768.030
250 gram: Rp356.654.413
500 gram: Rp713.098.300
1 kilogram: Rp1.426.156.500
Harga Emas Antam Hari Ini Anjlok Rp35 Ribu, Jadi Rp1.482.000 per Gram
12 November 2024 | 11.35 WIB
Edisi 12 Oktober 2025
PODCAST REKOMENDASI TEMPO","Harga Emas Antam Hari Ini Anjlok Rp35 Ribu, Jadi Rp1.482.000 per Gram",2024-11-12
https://www.tempo.co/wawancara/mari-pangestu-pertumbuhan-8-persen-1195945,tempo.co,"Ringkasan Berita
Dewan Ekonomi Nasional (DEN) menyarankan pemerintah mengutamakan menjaga daya beli masyarakat.
Saran DEN lain, pemerintah perlu membelanjakan anggaran dengan lebih efektif dan efisien.
Yang paling penting adalah pemerintah menjaga kebijakan secara konsisten.
SATU dasawarsa lamanya Mari Elka Pangestu berjarak dari pemerintahan dan birokrasi di Indonesia. Ia terakhir kali berada di pemerintahan ketika menjadi Menteri Pariwisata dan Ekonomi Kreatif di era Susilo Bambang Yudhoyono pada 2014. Selama tiga tahun sejak 2020, Mari berkantor di Washington, DC, sebagai Direktur Pelaksana Bank Dunia.
- Akses edisi mingguan dari Tahun 1971
- Akses penuh seluruh artikel Tempo+
- Baca dengan lebih sedikit gangguan iklan
- Fitur baca cepat di edisi Mingguan
- Anda Mendukung Independensi Jurnalisme Tempo",Mari Pangestu: Target Pertumbuhan 8 Persen Sulit Tercapai Jika Investasi Tak Meningkat,2025-01-19
https://www.tempo.co/hukum/icw-tunjangan-rumah-dpr-hamburkan-uang-negara-rp-1-74-triliun-2061199,tempo.co,"INDONESIA Corruption Watch (ICW) menilai tunjangan rumah bagi anggota DPR bentuk pemborosan anggaran. Nilainya mencapai Rp 1,74 triliun.
Kepala Divisi Advokasi ICW, Egi Primayogha, mengatakan DPR harus menjelaskan alasan yang lebih kokoh soal pemberian tunjangan tersebut. Angka Rp 50 juta per anggota selama lima tahun, apakah sudah mengikuti standar dan ketentuan yang berlaku.
""580 anggota DPR dikali Rp 50 juta selama 60 bulan, memboroskan anggaran publik hingga Rp 1,74 triliun,"" kata Egi melalui keterangan resminya, Rabu, 20 Agustus 2025.
Menurut Egi, pemberian tunjangan dengan nilai fantastis itu dinilai bukan keputusan yang patut dan adil. Mengingat warga akan menghadapi kesulitan akibat kenaikan pajak dan kesulitan lain yang tengah dihadapi dalam kehidupan sehari-hari.
""Tunjangan perumahan kami duga kuat hanya untuk menambah biaya politik untuk menebus ongkos pemilu, atau merawat jaringan patronase para politisi DPR,"" kata Egi.
Lebih jauh Egi mengatakan, DPR harus mengumumkan besaran anggaran yang diterima selama menjabat termasuk anggaran reses dan kunjungan daerah. ""Perlu ada kejelasan apakah anggaran tersebut mengalami kenaikan dari sebelumnya,"" kata Egi.
Anggota Dewan Perwakilan Rakyat (DPR) periode 2024-2029 mendapat tunjangan rumah senilai Rp 50 juta per bulan. Uang ini disebut sebagai kompensasi lantaran tidak lagi mendapat fasilitas rumah dinas yang terletak di kawasan Kalibata, Jakarta Selatan.
Tunjangan rumah sebesar Rp 50 juta membuat pendapatan bersih yang diterima legislator Senayan makin naik. Tubagus Hasanuddin menyebut gaji bersih yang ia terima sebagai anggota DPR bisa mencapai Rp 100 juta per bulan atau Rp 3 juta sehari.
Sekretaris Jenderal DPR Indra Iskandar mengatakan besaran tunjangan perumahan Rp 50 juta didapat dari hasil pembahasan dengan Kementerian Keuangan. ""Nilai itu ditetapkan berdasarkan kajian dengan salah satu benchmark-nya yaitu tunjangan perumahan bagi anggota DPRD Jakarta,"" kata dia dihubungi pada Senin, 18 Agustus 2025.
Tunjangan perumahan sebesar Rp 50 juta, kata dia, bersifat lump sump. Sehingga, dia mengatakan sekretariat parlemen tidak membutuhkan pertanggungjawaban secara detail dari legislator ihwal penggunaan tunjangan perumahan tersebut.
Novali Panji Nugroho berkontribusi dalam pembuatan artikel ini.","ICW: Tunjangan Rumah DPR Hamburkan Uang Negara Rp 1,74 Triliun",2025-08-20
https://www.tempo.co/ekonomi/target-pertumbuhan-ekonomi-8-persen-1195927,tempo.co,"Ringkasan Berita
Pencapaian target pertumbuhan ekonomi Indonesia dibayangi masalah ekonomi global.
Pemerintah berfokus pada sejumlah sektor untuk mendorong pertumbuhan ekonomi.
Makan bergizi gratis akan mendorong efek berganda pada sejumlah sektor.
TAHUN ini, Indonesia berada pada fase penting dalam upaya mencapai pertumbuhan ekonomi yang berkualitas, inklusif, dan berkelanjutan. Pemerintah menetapkan target pertumbuhan ekonomi 8 persen pada 2025-2029, yang menjadi langkah penting untuk mewujudkan visi Indonesia Emas 2045. Untuk mencapai target ini, ada sejumlah strategi komprehensif dalam menghadapi tantangan baik domestik maupun global.
- Akses edisi mingguan dari Tahun 1971
- Akses penuh seluruh artikel Tempo+
- Baca dengan lebih sedikit gangguan iklan
- Fitur baca cepat di edisi Mingguan
- Anda Mendukung Independensi Jurnalisme Tempo",Tantangan Eksternal Target Pertumbuhan Ekonomi 8 Persen,2025-01-19
https://www.tempo.co/ekonomi/untung-rugi-pengalihan-dana-sal-ke-bank-bumn-2069096,tempo.co,"CHIEF Economist Bank Mandiri, Andry Asmoro, menilai rencana Menteri Keuangan Purbaya Yudhi Sadewa mengalihkan dana pemerintah sebesar Rp 200 triliun yang disimpan Bank Indonesia ke perbankan. Penyaluran dana ke bank-bank perhimpunan bank milik negara (Himbara) itu akan menambah sekitar 2 persen dari posisi dana pihak ketiga (DPK) saat ini. “Sehingga berpotensi mendorong pertumbuhan DPK menuju sekitar 10 persen yoy,” kata Andry dalam keterangan tertulis, dikutip Jumat, 12 September 2025.
Adapun dana ratusan triliun tersebut berasal dari saldo anggaran lebih (SAL) dan sisa lebih pembayaran anggaran (SiLPA) dengan total Rp 425 triliun. Andry meyakini kucuran dana kepada deretan bank BUMN bisa mengangkat pertumbuhan kredit di atas 7,03 persen.
Adapun penempatan dana sebesar Rp 200 triliun ke perbankan mulai berlaku pada hari ini, Jumat, 12 September 2025. Dana ini berasal dari uang pemerintah yang disimpan di Bank Indonesia, dan akan dikucurkan ke himpunan bank milik negara (himbara).
Dalam rapat bersama Komisi XI DPR pada Rabu, 10 September 2025, Purbaya berpendapat sistem finansial Indonesia agak kering, sehingga pertumbuhan ekonomi cenderung melambat.
Kondisi itu, kata dia, menyebabkan orang susah mencari kerja selama sekitar dua tahun terakhir. Dia pun menyebut selama ini ada kesalahan kebijakan moneter dan fiskal. “Saya lihat, Kemenkeu (Kementerian Keuangan) bisa berperan di situ dengan memindahkan sebagian uang yang selama ini ada di bank sentral, kebanyakan, ada Rp 430 triliun, saya pindahkan ke sistem perbankan,” kata dia kepada awak media seusai rapat.
Menteri yang baru dilantik Presiden Prabowo Subianto pada 8 September lalu itu mengaku telah berbicara dengan Deputi Gubernur Senior BI soal rencananya tersebut. Purbaya menjelaskan, uang akan tersimpan dalam bentuk rekening pemerintah di bank. Jadi, kata dia, pemerintah hanya sekedar menyimpan. “Tapi, kan, bank tidak akan mendiamkan uang itu, ada cost-nya. Dia (bank) akan terpaksa mencari return (hasil) yang lebih tinggi dari cost-nya. Di situ lah mulai ada pertumbuhan, kredit tumbuh,” ujar Purbaya.
Ekonom Universitas Andalas Syafruddin Karimi menyatakan pemerintah harus mengantisipasi beberapa risiko dari kebijakan ini. “Pertama, risiko parking likuiditas pada Surat Berharga Negara (SBN) dan Sekuritas Rupiah Bank Indonesia (SRBI). Sehingga kredit tidak bertambah signifikan,” ujarnya kepada Tempo.
Syafruddin mengatakan hal ini terlihat dari kuatnya preferensi bank menempatkan dana di surat berharga dan meningkatnya kepemilikan SBN perbankan hingga sekitar Rp 1.318 triliun per Agustus 2025. Pada Juli lalu Bank Indonesia sempat mengungkap ada kecenderungan bank lebih suka menaruh alat likuid pada surat-surat berharga, dan terlalu berhati-hati dalam mendorong kredit.
Pengajar di Fakultas Ekonomi Bisnis Universitas Andalas itu menyatakan risiko lainnya adalah tata kelola berupa moral hazard. Bank mengejar volume tanpa kualitas yang memadai. Bank-bank BUMN akan menyalurkan dana sebesar-besarnya untuk memenuhi target pemerintah, tapi kualitas kredit menjadi kurang diperhatikan.
Agar tujuan tercapai, menurut dia, pemerintah perlu melakukan beberapa hal seperti menyalakan roda transaksi di luar jalur kredit. Lalu mempercepat belanja APBN agar uang berputar, mendorong konsumsi melalui insentif yang tersedia seperti PPN-DTP perumahan, potongan tarif layanan publik terarah, dan program bantuan pangan atau transportasi yang memicu transaksi harian.
Ilona Estherina dan Anastasya Lavenia berkontribusi dalam penulisan artikel ini.",Untung Rugi Pengalihan Dana SAL ke Bank BUMN,2025-09-12
https://www.tempo.co/ekonomi/bank-indonesia-transaksi-dndf-naik-2074296,tempo.co,"BANK Indonesia mencatat rata-rata transaksi Domestic Non-Deliverable Forward (DNDF) mencapai US$ 212 juta per hari. DNDF adalah transaksi kontrak berjangka valuta asing (valas) terhadap rupiah yang penyelesaiannya dilakukan secara tunai di pasar domestik.
Deputi Gubernur Senior BI, Destry Damayanti, menyatakan catatan tersebut sebagai perkembangan positif di pasar valas. “Hingga Agustus 2025, rata-rata harian transaksi DNDF mencapai USD 212 juta, atau sekitar sepuluh kali lipat lebih tinggi dibanding awal penerapannya pada 2018,” ujarnya lewat keterangan resmi dikutip Senin, 29 September 2025.
Capaian tersebut, kata dia, masih perlu terus ditingkatkan “Tentu BI tidak bisa sendirian, perlu sinergi dan kerja sama kita bersama,"" ujar Destry.
DNDF merupakan salah satu skema intervensi yang dilakukan oleh Bank Indonesia dan sudah berlaku sejak tahun 2018. Mekanisme DNDF sudah diatur dalam Peraturan Bank Indonesia Nomor 20/10/PBI/2018 tentang Transaksi Domestik Non-Deliverable Forward. Tujuannya adalah sebagai instrumen lindung nilai (hedging) untuk menstabilkan nilai tukar rupiah dan meningkatkan likuiditas pasar valuta asing.
Destry Damayanti menyatakan bahwa BI terus mendorong pendalaman pasar keuangan melalui peningkatan volume transaksi dan pembentukan harga yang lebih kredibel. Di pasar valuta asing, penguatan dilakukan lewat DNDF dan FX Swap, dengan referensi kurs JISDOR serta kurs acuan non-USD/IDR. Sedangkan di pasar uang, fokus diarahkan pada transaksi repo dan Overnight Index Swap (OIS) yang mengacu pada suku bunga acuan INDONIA.
Bank Indonesia juga bersinergi dengan Otoritas Jasa Keuangan (OJK), dan industri perbankan mengembangkan instrumen keuangan domestik. Kerja sama dilakukan lewat penandatanganan Perjanjian Induk Derivatif Antarbank dan peluncuran Matchmaking Overnight Index Swap (OIS) di Jakarta, Jumat, 26 September 2025.
Sinergi lintas otoritas dan pelaku pasar diharapkan akan semakin memperdalam, melikuidkan, dan memperkuat daya tahan pasar uang serta valas domestik. Dengan demikian, pasar keuangan Indonesia dapat menjadi pilar penting bagi pembiayaan pembangunan ekonomi berkelanjutan.",Bank Indonesia Transaksi DNDF Naik,2025-09-29
https://www.tempo.co/ekonomi/bi-klaim-inflasi-2-31-persen-hasil-kebijakan-moneter-dan-keberhasilan-gnpip-2065761,tempo.co,"BANK Indonesia (BI) mengklaim inflasi sebesar 2,31 persen pada Agustus 2025 (year on year) merupakan hasil dari konsistensi kebijakan moneter serta eratnya sinergi pengendalian inflasi antara bank sentral dan pemerintah. Pendalian inflasi antara BI dan pemerintah itu di antaranya lewat Gerakan Nasional Pengendalian Inflasi Pangan (GNPIP) di berbagai daerah.
“Ke depan, Bank Indonesia meyakini inflasi akan tetap terkendali dalam kisaran sasaran 2,5 plus minus 1 persen pada 2025 dan 2026,” kata Direktur Eksekutif Departemen Komunikasi BI Ramdan Denny Prakoso dalam keterangannya di Jakarta pada Selasa, 2 September 2025, seperti dikutip dari Antara.
Sebelumnya Badan Pusat Statistik (BPS) mengumumkan Indeks Harga Konsumen (IHK) Agustus 2025 tercatat deflasi sebesar 0,08 persen (month-to-month/mtm). Dengan begitu, sehingga secara tahunan inflasi IHK menurun menjadi 2,31 persen (yoy). BI mencatat, inflasi Agustus 2025 tetap terjaga dalam kisaran sasaran.
Adapun inflasi kelompok inti pada Agustus 2025 tercatat sebesar 0,06 persen mtm, lebih rendah dari realisasi bulan sebelumnya sebesar 0,13 persen (mtm). Realisasi inflasi inti pada Agustus 2025 disumbang terutama oleh inflasi komoditas biaya pendidikan, yakni uang kuliah akademi/perguruan tinggi dan Sekolah Dasar (SD), serta emas perhiasan.
Kenaikan inflasi itu dipengaruhi oleh faktor musiman dimulainya tahun ajaran baru dan peningkatan harga komoditas emas global, di tengah ekspektasi inflasi yang tetap terjaga. Secara tahunan, inflasi inti Agustus 2025 tercatat sebesar 2,17 persen yoy, menurun dari inflasi bulan sebelumnya sebesar 2,32 persen (yoy).
Sementara itu, kelompok volatile food pada Agustus 2025 mengalami deflasi sebesar 0,61 persen (mtm), menurun dibandingkan realisasi bulan sebelumnya yang mengalami inflasi sebesar 1,25 persen (mtm). Deflasi kelompok volatile food itu disumbang antara lain oleh komoditas tomat, cabai rawit, dan bawang putih seiring dengan peningkatan pasokan selama periode panen komoditas hortikultura dan realisasi impor bawang putih.
Sedangkan secara tahunan, kelompok volatile food mengalami inflasi sebesar 4,47 persen (yoy), lebih tinggi dari inflasi bulan sebelumnya sebesar 3,82 persen (yoy). “Ke depan, inflasi volatile food diprakirakan tetap terkendali didukung oleh eratnya sinergi antara Bank Indonesia bersama Tim Pengendalian Inflasi Pusat dan Daerah (TPIP dan TPID) melalui GNPIP di berbagai daerah,” ujar Ramdan.
Deflasi juga terjadi pada kelompok administered prices. Dalam catatan BPS, kelompok administered prices pada Agustus 2025 mengalami deflasi sebesar 0,08 persen (mtm), menurun dibandingkan realisasi bulan sebelumnya yang mengalami inflasi sebesar 0,09 persen (mtm).
Deflasi kelompok administered prices ini terutama disumbang oleh komoditas tarif angkutan udara dan bensin. Perkembangan tersebut didorong oleh implementasi diskon harga tiket pesawat dalam rangka peringatan HUT RI 2025 dan penyesuaian harga bahan bakar minyak (BBM) nonsubsidi. Secara tahunan, kelompok administered prices tercatat inflasi sebesar 1,00 persen (yoy), lebih rendah dari bulan sebelumnya yang sebesar 1,32 persen (yoy).","BI Klaim Inflasi 2,31 Persen Hasil Kebijakan Moneter dan Keberhasilan GNPIP",2025-09-02
https://www.tempo.co/ekonomi/palu-godam-krisis-moneter-1998-menjelang-reformasi-1493766,tempo.co,"TEMPO.CO, Jakarta - Reformasi 1998 menjadi salah satu peristiwa sejarah paling penting dalam perjalanan bangsa Indonesia. Di balik lengsernya Presiden Soeharto pada 21 Mei 1998 setelah 32 tahun berkuasa, terdapat rangkaian peristiwa tragis dan gejolak besar yang dipicu oleh krisis moneter.
Krisis ini bukan hanya mengguncang perekonomian nasional, tapi juga menggugah kesadaran kolektif rakyat untuk menuntut perubahan besar dalam tatanan politik, hukum, dan kehidupan sosial.
Krisis Moneter 1998
Krisis moneter mulai melanda Indonesia pada pertengahan 1997 sebagai bagian dari badai ekonomi yang mengguncang Asia. Nilai tukar rupiah terjun bebas dari kisaran Rp 2.400 menjadi Rp 16.800 per dolar AS pada awal 1998. Nilai mata uang yang hancur lebur menyebabkan harga barang-barang pokok melonjak tajam. Inflasi meroket. Daya beli masyarakat merosot drastis.
Di sisi lain, lebih dari 70 persen perusahaan besar dan kecil tumbang di pasar modal. Kredit macet menjangkiti perbankan nasional. Banyak perusahaan kolaps, terutama yang mengandalkan bahan baku impor dan utang luar negeri. Akibatnya, puluhan juta pekerja kehilangan pekerjaan. Tercatat lebih dari 20 juta orang menjadi pengangguran, menyebabkan pendapatan per kapita rakyat Indonesia pada 1998 turun drastis menjadi hanya 610 dolar AS.
Merosotnya kepercayaan terhadap pemerintah Orde Baru diperparah oleh keluarnya investor asing dari Indonesia. Upaya pemerintah melepas nilai tukar rupiah ke mekanisme pasar tidak membuahkan hasil. Rupiah justru semakin tak terkendali, menciptakan ketidakstabilan ekonomi berkepanjangan.
Melansir Skripsi berjudul Pengaruh Tingkat Suku Bunga, Inflasi, dan Kurs Rupiah/USD Terhadap Indeks Harga Saham Gabungan di Bursa Efek Indonesia (2013), pertumbuhan ekonomi pada 1998 mengalami minus 13 persen. Hal tersebut terjadi lantaran tahun awal penyesuaian kondisi krisis.
Pemicu terjadinya krisis ekonomi di Indonesia adalah efek dari krisis nilai tukar di Thailand pada awal 1997, yang melanda pasar valuta asing di Asia dan mempengaruhi pasar valas di tanah air. Besarnya dampak krisis moneter tersebut mengakibatkan lengsernya Presiden ke-2 RI Soeharto.
Kala itu, tingkat kepercayaan terjun hingga ke level nol, yang berdampak pada stabilitas mata uang rupiah. Pada 1997, nilai tukar rupiah terhadap dolar Amerika Serikat berada pada level Rp 4.850, lalu kandas menjadi Rp 17.000 pada Mei 1998. Hal tersebut membuat investasi menjadi lesu dan IHSG mengalami penurunan signifikan mencapai 398,04 poin.
Tragedi Trisakti hingga Penjarahan
Dampak ekonomi yang meluas memicu ketegangan sosial dan kemarahan publik. Demonstrasi mahasiswa yang menuntut perubahan memuncak pada 12 Mei 1998. Ribuan mahasiswa Universitas Trisakti turun ke jalan menuntut Presiden Soeharto mundur.
Namun, aksi damai itu berujung tragedi ketika aparat keamanan melepaskan tembakan. Empat mahasiswa, Elang Mulia Lesmana, Heri Hertanto, Hafidin Royan, dan Hendriawan Sie, tewas di dalam kampus. Tewasnya para mahasiswa memicu gelombang kemarahan rakyat ini dikenal sebagai Tragedi Trisakti.
Sehari kemudian, 13-15 Mei, kerusuhan meluas di Jakarta dan berbagai kota besar seperti Solo, Surabaya, Medan, dan Palembang. Penjarahan, pembakaran, dan kekerasan terjadi hampir tanpa kendali.
Sentimen anti-Tionghoa yang telah lama terpendam turut memicu kekerasan rasial. Ratusan toko dan rumah milik warga keturunan Tionghoa dijarah dan dibakar. Bahkan, kekerasan seksual terhadap perempuan Tionghoa dilaporkan terjadi secara brutal. Tragedi Mall Klender dan Ciledug Plaza menjadi simbol kengerian, di mana ratusan orang tewas terpanggang dalam kobaran api.
Pemerintah terlihat lumpuh. Aparat keamanan tak mampu meredam kerusuhan. Rasa kepercayaan publik terhadap pemerintah benar-benar runtuh.
Aksi Massa dan Kejatuhan Soeharto
Pada 18 Mei 1998, Ketua DPR/MPR Harmoko secara terbuka mendesak Soeharto untuk mundur secara terhormat. Desakan ini memperjelas adanya perpecahan dalam tubuh elite politik dan militer. Soeharto pun mencoba mencari dukungan, termasuk memanggil sembilan tokoh Islam pada 19 Mei. Namun, langkah tersebut tak meredam kemarahan publik. Ribuan mahasiswa dan rakyat terus mengepung Gedung DPR/MPR, mendesak lengsernya Soeharto.
Akhirnya, pada Kamis pagi, 21 Mei 1998, Soeharto resmi mengumumkan pengunduran dirinya dari jabatan Presiden Republik Indonesia. Wakil Presiden B.J. Habibie diangkat menggantikannya. Lengsernya Soeharto menandai berakhirnya era Orde Baru dan membuka pintu bagi era baru yang kemudian disebut sebagai Era Reformasi.
“Saya memutuskan untuk menyatakan berhenti dari jabatan saya sebagai Presiden Republik Indonesia, terhitung sejak saya bacakan pernyataan ini pada hari ini, Kamis, 21 Mei 1998,” bunyi pidato Soeharto.
Myesha Fatina Rachman, Hendrik Khoirul Muhid, dan Muhammad Rafi Azhari berkontribusi dalam penulisan artikel ini.
Pilihan Editor: Hari-hari Menjelang Reformasi 1998: Krisis Moneter, Mahasiswa Duduki DPR, Soeharto Lengser",Palu Godam Krisis Moneter 1998 Menjelang Reformasi,2025-05-20
https://www.tempo.co/ekonomi/risiko-fiskal-jangka-menengah-ketergantungan-pada-pajak-dan-subsidi-energi-2073134,tempo.co,"MEMBACA APBN 2025 tidak cukup hanya dengan melihat angka defisit yang relatif rendah di angka 1,35 persen produk domestik bruto (PDB). Dosen dan peneliti Universits Islam Indonesia (UII), Yogyakarta, Listya Endang Artiani mengatakan, di balik angka tersebut tersembunyi serangkaian risiko fiskal jangka menengah yang, jika tidak diantisipasi, dapat mengekang kemampuan negara dalam membiayai pembangunan.
“Dua di antaranya yang paling mendasar adalah ketergantungan pada penerimaan pajak yang rapuh, serta membengkaknya belanja subsidi energi yang semakin sulit dikendalikan,” kata Listya Endang kepada Tempo, Rabu, 24 September 20225.
Dosen di Fakultas Bisnis dan Ekonomika UII, Yogyakarta, itu mengungkapkan, dari sisi penerimaan pajak, tren yang terlihat hingga Agustus 2025 kurang menggembirakan. Realisasi pajak baru mencapai Rp 1.135,4 triliun, atau sekitar 51,9 persen dari target, dengan pertumbuhan negatif 5,1 persen dibanding tahun sebelumnya.
Pelemahan terutama terjadi pada pajak penghasilan badan, seiring turunnya harga komoditas global yang menekan laba perusahaan tambang dan migas. Pajak pertambahan nilai (PPN) juga tertekan akibat konsumsi yang sebagian besar didukung subsidi pemerintah, bukan kekuatan permintaan riil. “Dengan struktur penerimaan seperti ini, ketergantungan pada komoditas dan konsumsi domestik yang rapuh membuat basis pajak Indonesia semakin sempit,” ujarnya.
Jika perekonomian didominasi sektor informal atau berbasis komoditas yang volatil, maka pajak menjadi tidak responsif terhadap pertumbuhan. “Dengan kata lain, meskipun PDB tumbuh 5 persen, penerimaan pajak bisa stagnan atau menurun karena basis yang lemah,” katanya.
Padahal, menurut Listya, reformasi perpajakan yang digadang-gadang melalui UU HPP (Harmonisasi Peraturan Perpajakan) diharapkan mampu memperluas basis pajak. Namun realisasi menunjukkan efektivitas kebijakan belum optimal, antara lain karena kepatuhan pajak yang rendah, praktik penghindaran pajak, serta lemahnya integrasi sistem data ekonomi formal dan informal.
“Jika tren ini berlanjut, penerimaan pajak hanya akan cukup untuk menutup belanja rutin (gaji, bunga utang, subsidi), bukan untuk pembiayaan pembangunan produktif. Dalam literatur ekonomi publik, ini dikenal sebagai fenomena fiscal crowding-out, yaitu ketika penerimaan negara habis untuk belanja wajib, sehingga ruang untuk belanja pembangunan semakin menyempit,” kata Listya Endang dalam keterangan tertulis yang diterima Tempo, pada Rabu, 24 September 2025.
Sedangkan, dari sisi belanja, Listya mengatakan, subsidi energi menjadi sumber risiko terbesar. Hingga Agustus 2025, realisasi subsidi dan kompensasi energi mencapai Rp 176,5 triliun. Angka ini memang membantu menjaga inflasi tetap rendah di kisaran 2,3 persen yoy (year on year), namun efek jangka panjangnya problematis.
Teori fiscal dependence menjelaskan bahwa pemerintah yang terbiasa menggunakan subsidi energi akan menghadapi tekanan politik untuk mempertahankannya, meskipun secara ekonomi subsidi tersebut tidak efisien. Selain itu, dalam kerangka teori distribusi fiskal, subsidi energi bersifat regresiflebih banyak dinikmati kelompok menengah-atas yang konsumsi BBM dan listriknya lebih tinggi. “Akibatnya, efektivitas subsidi energi dalam melindungi kelompok miskin sangat dipertanyakan,” kata dia, menegaskan.",Risiko Fiskal Jangka Menengah: Ketergantungan pada Pajak dan Subsidi Energi,2025-09-25
https://www.tempo.co/ekonomi/bank-indonesia-memangkas-suku-bunga-acuan-menjadi-5-persen-2061051,tempo.co,"BANK Indonesia memutuskan untuk memangkas suku bunga acuan atau BI Rate ke level 5,00 persen. Keputusan ini disepakati dalam Rapat Dewan Gubernur (RDG) BI yang digelar pada 19-20 Agustus 2025.
Pemangkasan BI Rate ini menjadi yang keempat kalinya selama 2025, setelah sebelumnya turun pada Januari, Mei, dan Juli. Bulan lalu, rapat Dewan Gubernur BI memangkas BI Rate menjadi 5,25 persen dari yang sebelumnya 5,50 persen.
“Dengan mendasarkan asesmen, proyeksi dan berbagai arah ke depan tersebut, Rapat Dewan Gubernur BI pada 19-20 Agustus 2025 memutuskan untuk menurunkan BI Rate sebesar 25 basis poin menjadi 5,00 persen,” ucap Gubernur Bank Indonesia Perry Warjiyo dalam konferensi pers daring pada Rabu, 20 Agustus 2025.
BI juga menurunkan suku bunga deposit facility menjadi 4,25 persen dari yang sebelumnya 4,50 persen. Sementara suku bunga lending facility turun menjadi 5,75 persen dari 6,00 persen.
Menurut Perry, keputusan ini konsisten dengan tetap rendahnya perkiraan inflasi pada 2025 dan 2026 dalam sasaran 2,5 plus minus 1 persen, terjaganya stabilitas nilai tukar rupiah, serta perlunya mendorong pertumbuhan ekonomi.
“Ke depan BI akan terus mencermati ruang penurunan suku bunga untuk mendorong pertumbuhan ekonomi yang lebih tinggi sejalan dengan rendahnya perkiraan inflasi dengan tetap mempertahankan stabilitas nilai tukar rupiah,” tutur Perry.
Sebelumnya, Lembaga Penyelidikan Ekonomi dan Masyarakat (LPEM) Fakultas Ekonomi dan Bisnis Universitas Indonesia menilai Bank Indonesia perlu menahan suku bunga acuan atau BI Rate di level 5,25 persen.
Ekonom LPEM FEB UI Teuku Riefky mengatakan saat ini inflasi Indonesia sedang mengalami tren kenaikan. “Inflasi umum melanjutkan tren kenaikan sejak Mei lalu dan menyentuh angka 2,37 persen year on year di Juli 2025,” ucap Riefky dalam Seri Analisis Makroekonomi yang dikutip Rabu, 20 Agustus 2025.
Sementara itu dari sisi eksternal, Riefky menyebut Indonesia sedang menikmati episode derasnya aliran masuk arus modal asing dan penguatan nilai tukar rupiah. Riefky mengatakan angka inflasi dan pengangguran terkini di Amerika Serikat ditafsirkan oleh investor sebagai sinyal akan adanya pemotongan suku bunga oleh The Federal Reserve (The Fed) dalam waktu dekat. Kemudian, credit default swap (CDS) Indonesia juga turun dari 75,16 ke 67,53 pada rentang waktu yang sama. Hal ini mengindikasikan turunnya persepsi risiko oleh investor terhadap Indonesia.",Bank Indonesia Memangkas Suku Bunga Acuan Menjadi 5 Persen,2025-08-20
https://www.tempo.co/ekonomi/core-indonesia-tarif-resiprokal-trump-ancam-ekonomi-dan-daya-saing-ekspor-2061296,tempo.co,"KEBIJAKAN tarif resiprokal Amerika Serikat menimbulkan tekanan besar bagi perekonomian Indonesia. Peneliti Center of Reform on Economics (CORE) Indonesia, Yusuf Rendy Manilet, menegaskan beban tarif tambahan ini memperlemah daya saing ekspor nasional sekaligus memperbesar risiko defisit perdagangan. ""Meskipun dia turun dari angka sebelumnya yang tadinya 32 persen, tetapi 19 persen ini adalah tarif tambahan,"" kata Yusuf pada Seminar CORE Indonesia ""Menakar Daya Saing Indonesia di Era Tarif Baru: Standardisasi dan Pemastian dalam Perdagangan Global,"" Rabu, 20 Agustus 2025.
Ia memberi contoh pada produk alas kaki. Menurut dia, produk ini sebenarnya sudah memiliki tarif dasar sekitar 12 persen. Dengan tambahan tarif resiprokal sebesar 19 persen, total beban tarif yang harus ditanggung eksportir alas kaki menjadi sekitar 31 persen. Menurut Yusuf, tarif tambahan itu baru menjadi satu masalah lantaran pemerintah Indonesia juga menyetujui komitmen dagang bernilai Rp 368 triliun.
Kesepakatan tersebut mencakup pembelian 50 pesawat Boeing senilai US$ 3,5 miliar, impor energi dan Liquefied Petroleum Gas (LPG) USD 15 miliar, serta produk pertanian US$ 4,5 miliar. ""Indonesia ditambahkan komitmennya untuk membeli produk-produk AS termasuk di dalamnya produk energi, kemudian juga ada produk pertanian dan juga ada komitmen bisnis di sana dengan keharusan untuk membeli sebanyak 50 unit pesawat Boeing,"" ujarnya.
Yusuf menilai, kebijakan Trump ini konsisten dengan pandangan proteksionisnya sejak tiga dekade lalu. ""Jadi sejak dulu paradigma atau pandangan Trump mengenai free trade itu tidak begitu baik. Dia tadi menyampaikan bahwa trade yang terjadi justru merugikan Amerika Serikat ketika itu,"" kata Yusuf.
Dampak Global dan Tekanan Domestik
Ia menjelaskan, tarif resiprokal turut memperlambat pertumbuhan ekonomi global. International Monetary Fund (IMF), kata dia, merevisi proyeksi pertumbuhan dari 3,3 persen menjadi hanya 2,8 persen pada April lalu. ""Hal yang sama juga terlihat pada proyeksi dari perdagangan global yang juga diprediksikan mengalami perlambatan dibandingkan posisi sebelumnya,"" ujarnya.
Di tingkat domestik, kebijakan ini memicu arus keluar modal. ""Secara umum sampai dengan kuartal ke-2, kondisi capital outflow di pasar saham terutama itu mencapai 20 triliun rupiah. Nilai outflow di pasar keuangan Indonesia itu mencapai 42 triliun rupiah,"" kata Yusuf. Kondisi ini menekan nilai tukar rupiah sehingga biaya impor semakin mahal.
Selain itu, pasar ekspor Indonesia di AS terhambat. Produk utama seperti mesin, pakaian, alas kaki, karet, serta lemak dan minyak hewani diprediksi tertekan. ""Kalau kita lihat dari simulasi ini, ada potensi penurunan 9,23 miliar US dolar ekspor Indonesia ke AS dengan adanya kebijakan tarif resiprokal. Adanya tarif resiprokal juga berpotensi menurunkan ekspor Indonesia ke global sebesar 2,65 persen,"" kata Yusuf.
Peluang Relokasi Investasi
Meski demikian, Yusuf melihat ada peluang dari perang dagang. Tarif yang lebih rendah dibandingkan negara pesaing seperti Vietnam atau Thailand bisa membuka ruang relokasi investasi. Namun, ia mengingatkan biaya investasi di Indonesia relatif mahal. ""Faktor utamanya adalah masalah ICORE kita yang relatif tinggi. Bahasa sederhananya relatif mahal untuk bisa berinvestasi di Indonesia dan tidak efisien,"" ujarnya.
Rekomendasi Kebijakan
Di akhir paparannya, Yusuf menekankan pentingnya strategi mitigasi. Ia menyarankan pemerintah memperkuat industri domestik, mempertahankan instrumen Non-Tariff Measures (NTMs), hingga konsolidasi kebijakan moneter-fiskal. ""Menurut kami NTM itu masih diperlukan sekali lagi untuk memastikan produk yang masuk ke Indonesia itu sudah sesuai standar yang ditetapkan oleh pemerintah,"" ujarnya.
Yusuf juga menekankan perlunya diversifikasi pasar ekspor dan percepatan penyelesaian perjanjian perdagangan bebas. ""Perang tarif AS–Tiongkok telah berdampak pada perlambatan ekonomi global, pelemahan nilai tukar rupiah, serta berpotensi menyebabkan defisit neraca perdagangan Indonesia,"" katanya.",CORE Indonesia: Tarif Resiprokal Trump Ancam Ekonomi dan Daya Saing Ekspor,2025-08-21
https://www.tempo.co/ekonomi/naik-rp10-ribu-harga-emas-antam-hari-ini-rp-1-508-000-per-gram-1171323,tempo.co,"TEMPO.CO, Jakarta - Harga emas batangan PT Aneka Tambang Tbk atau Antam hari ini naik sebesar Rp10 ribu. Terpantau dari situs Logam Mulia, harga emas Antam pada Kamis, 21 November 2024 adalah Rp1.508.000 per gram, melonjak dari harga sebelumnya di Rp1.498.000.
Sementara, harga jual kembali atau buyback emas batangan Antam pada hari ini berada di angka Rp1.362.000, naik sebesar Rp12 ribu dari Rp1.350.000 pada Rabu, 20 November 2024.
Dilansir dari situs Logam Mulia, emas batangan Antam memiliki sertifikat London Bullion Market Association (LBMA) dan diakui secara global dengan harga buyback mengikuti pergerakan harga emas dunia. Transaksi buyback dapat dilakukan secara langsung di Butik Emas LM terdekat pada jam layanan transaksi di hari kerja Senin sampai Jumat.
Semua transaksi buyback dengan nilai di atas Rp10 juta akan dikenai pajak penghasilan atau PPh 22 sebesar 1,5 persen. Aturan ini sesuai dengan Perubahan Peraturan Menteri Keuangan Nomor 34/PMK.10/2017 tentang Pemungutan Pajak Penghasilan Pasal 22 Sehubungan dengan Pembayaran atas Penyerahan Barang dan Kegiatan di Bidang Impor atau Kegiatan Usaha di Bidang Lain.
Berikut daftar harga emas batangan Antam plus pajak penghasilan (PPh) 0,25 persen untuk perdagangan hari ini, seperti dilansir dari situs resmi Logam Mulia.
0,5 gram: Rp806.010
1 gram: Rp1.511.770
2 gram: Rp2.963.390
3 gram: Rp4.420.023
5 gram: Rp7.333.288
10 gram: Rp14.611.438
25 gram: Rp36.402.780
50 gram: Rp72.726.363
100 gram: Rp145.374.530
250 gram: Rp363.170.663
500 gram: Rp726.130.800
1 kilogram: Rp1.452.221.500
Pilihan Editor: Ini Sebab Harga Emas Antam Melonjak, Ketegangan Rusia-Ukraina Picu Pelemahan Saham Global","Naik Rp10 Ribu, Harga Emas Antam Hari Ini Rp 1.508.000 per Gram",2024-11-21
https://www.tempo.co/ekonomi/5-faktor-penyebab-harga-emas-melonjak-1223280,tempo.co,"HARGA EMAS telah menjadi perhatian utama bagi banyak orang di seluruh dunia, terutama bagi para investor dan masyarakat umum yang melihat logam mulia ini sebagai bentuk perlindungan terhadap inflasi dan ketidakpastian ekonomi. Dalam beberapa bulan terakhir, harga emas mengalami lonjakan yang signifikan.
Berbagai faktor dapat memengaruhi harga emas, termasuk ketidakpastian ekonomi global, tingkat inflasi yang tinggi, pelemahan nilai dolar AS, kebijakan moneter yang longgar, serta tingginya permintaan fisik terhadap emas. Dikutip dari laman Treasury, berikut lima faktor utama yang menyebabkan harga emas terus naik:
1. Ketidakpastian Ekonomi Global Sebagai Penyebab Kenaikan Harga Emas
Salah satu faktor utama yang menyebabkan harga emas terus meningkat adalah ketidakpastian ekonomi global. Ketika kondisi ekonomi dunia tidak stabil, banyak investor yang memilih untuk beralih ke aset yang dianggap lebih aman, seperti emas. Contohnya, selama pandemi COVID-19, harga emas melonjak tajam karena banyak negara mengalami resesi dan ketidakpastian pasar yang cukup tinggi.
Krisis keuangan atau gejolak politik juga bisa mendorong harga emas untuk naik. Emas dikenal sebagai safe haven, yakni aset yang dapat mempertahankan nilai bahkan dalam kondisi ekonomi yang sangat buruk. Oleh karena itu, penting bagi kita untuk memantau situasi ekonomi global agar dapat memahami dengan lebih baik mengapa harga emas terus merangkak naik.
Namun, ketidakpastian ekonomi bukanlah satu-satunya faktor yang memengaruhi harga emas. Kadang-kadang, harga emas bisa tetap stabil meskipun terjadi gejolak ekonomi, sehingga penting untuk memperhatikan faktor lain yang juga berperan dalam penentuan harga emas.
2. Pengaruh Inflasi Terhadap Kenaikan Harga Emas
Inflasi tinggi juga menjadi faktor signifikan yang menjelaskan mengapa harga emas terus naik. Ketika inflasi meningkat, nilai mata uang sering kali menurun, dan emas dianggap sebagai alat pelindung kekayaan. Emas memiliki nilai intrinsik yang tidak terpengaruh oleh inflasi, yang membuatnya menjadi pilihan utama bagi banyak investor saat inflasi meningkat.
Selain itu, inflasi yang tinggi juga dapat mengurangi daya beli masyarakat. Dalam kondisi seperti ini, emas menjadi investasi yang menarik karena harganya cenderung naik seiring dengan peningkatan harga barang dan jasa. Bagi Anda yang tertarik berinvestasi emas, penting untuk memperhatikan tingkat inflasi sebagai salah satu indikator kunci.
Namun, perlu diingat bahwa hubungan antara inflasi dan harga emas tidak selalu bersifat langsung. Kadang-kadang, meski inflasi tinggi, harga emas tidak selalu mengalami kenaikan yang signifikan karena faktor lain, seperti kebijakan moneter atau suku bunga. Oleh karena itu, penting untuk selalu melihat kondisi ekonomi secara menyeluruh.
3. Pelemahan Dolar AS Menjadi Salah Satu Penyebab Kenaikan Harga Emas
Harga emas memiliki hubungan terbalik dengan nilai dolar Amerika Serikat. Ketika dolar melemah, harga emas cenderung naik. Hal ini disebabkan oleh fakta bahwa emas dihargai dalam dolar AS, sehingga pelemahan dolar membuat emas menjadi lebih terjangkau bagi investor yang menggunakan mata uang lain.
Jadi, salah satu alasan mengapa harga emas terus naik adalah karena dolar AS yang melemah. Selain itu, pelemahan dolar AS juga dapat meningkatkan permintaan emas dari negara-negara dengan mata uang yang menguat terhadap dolar.
Misalnya, jika dolar melemah terhadap rupiah, investor Indonesia bisa lebih tertarik membeli emas karena harga emas menjadi relatif lebih murah. Ini dapat mendorong permintaan yang lebih tinggi, sehingga harga emas pun naik. Namun, perlu dicatat bahwa hubungan antara dolar AS dan harga emas tidak selalu sederhana. Terkadang, meskipun dolar melemah, harga emas tidak langsung naik karena adanya faktor lain yang memengaruhi pasar.
4. Dampak Kebijakan Moneter yang Longgar Terhadap Harga Emas
Kebijakan moneter yang longgar, seperti penurunan suku bunga atau pelonggaran kuantitatif (quantitative easing), juga menjadi faktor yang mempengaruhi kenaikan harga emas. Ketika bank sentral menurunkan suku bunga, imbal hasil dari instrumen investasi seperti obligasi akan cenderung lebih rendah.
Sebagai akibatnya, banyak investor yang beralih ke emas, yang meskipun tidak memberikan imbal hasil, dianggap lebih menguntungkan dan aman di tengah rendahnya suku bunga. Selain itu, penurunan suku bunga dapat meningkatkan likuiditas di pasar, yang pada gilirannya dapat mendorong kenaikan harga aset, termasuk emas.
Penting untuk memantau kebijakan moneter yang diterapkan oleh bank sentral, terutama The Federal Reserve (Fed) di Amerika Serikat, karena kebijakan mereka memiliki pengaruh besar terhadap pergerakan harga emas.
5. Tingginya Permintaan Fisik Emas
Permintaan fisik emas, khususnya dari sektor industri perhiasan dan elektronik, juga menjadi faktor yang berkontribusi terhadap lonjakan harga emas. Di negara-negara seperti India dan China, emas memiliki nilai budaya yang tinggi dan sering digunakan untuk perhiasan atau sebagai hadiah dalam acara pernikahan.
Permintaan tinggi dari negara-negara ini bisa menyebabkan harga emas meningkat. Selain itu, permintaan emas juga semakin besar dari industri teknologi, karena emas digunakan dalam berbagai perangkat elektronik. Penting untuk dipahami bahwa permintaan fisik emas tidak hanya datang dari investor, tetapi juga dari industri dan konsumen secara langsung.
Sebelumnya, harga emas dunia terus naik dalam sepekan terakhir dan mencapai puncaknya pada Selasa, 19 November 2024 karena dolar AS melemah dari level tertinggi baru-baru ini, sementara investor menunggu komentar dari pejabat Federal Reserve untuk kejelasan tentang kebijakan pemotongan suku bunga.
Harga emas spot naik 0,9 persen menjadi $2.634,78 per ons pada pukul 11.11 GMT (18.11 WIB), tertinggi sejak 11 November 2024. Harga naik 2 persen pada hari Senin, pulih dari level terendah dua bulan yang dicapai pada hari Kamis. Harga emas berjangka AS naik 0,9 persen menjadi $2.638,70. Di Indonesia, harga emas Antam melonjak Rp 15.000 ke level Rp 1.491.000.000 pada Selasa, 19 November 2024.
Terbaru, harga emas batangan mengalami kenaikan Rp 5.000 per gram pada Jumat, 21 Maret 2025, dibandingkan hari sebelumnya. Hari ini, harga emas Antam per gram berada di angka Rp 1.779.000.
Pada Kamis, 20 Maret 2025, berdasarkan situs resmi dari Logam Mulia, harga emas per gram masih berada di level Rp 1.774.000. Terpantau harga emas terus merangkak naik sejak awal pekan perdagangan. Untuk harga buyback emas per gram, kini berada di angka Rp 1.630.000.
Hammam Izzuddin dan Dinda Shabrina berkontribusi dalam penulisan artikel ini.",5 Faktor Penyebab Harga Emas Melonjak,2025-03-23
https://www.tempo.co/ekonomi/subsidi-energi-dengan-skema-blt-1164904,tempo.co,"Ringkasan Berita
Formulasi atau format subsidi energi tepat sasaran untuk BBM dan listrik ditargetkan rampung dalam waktu satu pekan, terhitung pada 4 November 2024.
Skema penyaluran subsidi BBM lewat BLT dinilai bisa menutup kebocoran yang selama ini terjadi.
Subsidi energi dengan skema BLT bisa berdampak buruk jika tak menyentuh masyarakat yang membutuhkan.
KETUA Tim Penggodok Kebijakan Subsidi Energi Bahlil Lahadalia mengumpulkan sejumlah menteri kabinet Merah Putih Prabowo Subianto di gedung Kementerian Energi dan Sumber Daya Mineral pada Senin pagi, 4 November 2024. Rapat Koordinasi Subsidi Energi itu dihadiri Menteri Keuangan Sri Mulyani Indrawati, Menteri Koordinator Pemberdayaan Masyarakat Muhaimin Iskandar, Menteri Sosial Saifullah Yusuf, dan Menteri Perindustrian Agus Gumiwang Kartasasmita.
Salah satu kesimpulan sementara dalam rapat tersebut adalah skema pemberian subsidi elpiji 3 kilogram diusulkan untuk tetap dilanjutkan. Sedangkan metode penyaluran subsidi bahan bakar minyak (BBM) dan listrik masih akan dikaji. Pengkajian dilakukan untuk menekan penyaluran subsidi yang salah sasaran.
Bahlil mengatakan pemerintah mempertimbangkan opsi skema penyaluran subsidi berbasis bantuan langsung tunai (BLT). Namun pemerintah akan tetap mencari skema lain dalam menyalurkan subsidi ini. “Akan diputuskan nanti. Opsinya lebih mengerucut ke sana (BLT),” kata dia. Formulasi atau format subsidi tepat sasaran untuk BBM dan listrik ditargetkan rampung dalam waktu satu pekan, terhitung pada 4 November 2024, atau pekan depan.
- Akses edisi mingguan dari Tahun 1971
- Akses penuh seluruh artikel Tempo+
- Baca dengan lebih sedikit gangguan iklan
- Fitur baca cepat di edisi Mingguan
- Anda Mendukung Independensi Jurnalisme Tempo
Vedro Imanuel G. berkontribusi dalam penulisan artikel ini",Mengapa Subsidi Energi lewat Bantuan Langsung Tunai Dinilai Tepat,2024-11-07
https://www.tempo.co/gaya-hidup/10-tanaman-hias-paling-mahal-di-dunia-ada-yang-tembus-rp19-miliar-1188917,tempo.co,"TEMPO.CO, JAKARTA - Tanaman hias mempunyai fungsi utama untuk mempercantik ruangan atau area di luar bangunan. Tak hanya di rumah tangga, tanaman hias juga sering dibudidayakan di gedung-gedung untuk menambah nilai estetika hingga pemasok oksigen yang sangat dibutuhkan manusia.
Tidak sedikit kolektor atau penggemarnya yang rela menghabiskan uang dengan nominal fantastis untuk membeli tanaman hias yang diidam-idamkan. Lantas, apa sajakah tanaman hias paling mahal di dunia?
Daftar Tanaman Hias Paling Mahal di Dunia
Melansir Soltech Solutions, berikut 10 tanaman hias yang dibanderol dengan harga tinggi:
1. Bonsai Pinus Putih
Pohon bonsai pinus putih berusia 800 tahun berhasil terjual dengan harga US$1,3 juta atau sekitar Rp19,5 miliar (kurs Rp15.000) di Konvensi Bonsai Internasional, Takamatsu, Jepang pada 2011. Selain usia, tanaman mini tersebut dihargai tinggi karena dianggap sebagai simbol ketahanan dan ketangguhan.
2. Anggrek Shenzhen Nongke
Anggrek Shenzhen Nongke adalah tanaman yang dikembangbiakkan dengan cermat selama delapan tahun. Meskipun dikembangkan melalui inovasi ilmiah oleh para peneliti pertanian di Universitas Shenzhen Nongke, Cina, anggrek yang namanya sama dengan nama kampusnya tersebut, dilelang dengan harga lebih dari US$200.000 atau sekitar Rp3 miliar pada 2005.
3. Monstera deliciosa “Variegata”
Monstera deliciosa dengan varietas Variegata sangat diminati, karena menawarkan warna yang mencolok dengan bercak atau garis-garis putih, krem, maupun kuning pada daunnya yang hijau mengkilap. Warna daun pada tanaman yang di Indonesia dikenal sebagai ceriman tersebut, disebabkan oleh mutasi genetik langka, sehingga pernah dijual dengan harga US$38.000 atau sekitar Rp570 juta.
4. Mini Monstera
Mini Monstera dengan nama Latin Rhaphidophora tetrasperma Variegata banyak dicari karena memiliki warna yang unik. Warna daunnya menampilkan pola dari campuran hijau, putih, krem, dan terkadang kuning. Mini Monstera dengan sembilan helai daun berhasil terjual seharga US$27.000 atau sekitar Rp405 juta di Selandia Baru.
5. Monstera obliqua
Masih dari spesies Monstera, ada Monstera obliqua yang masuk dalam daftar tanaman hias paling mahal di dunia. Tanaman yang mempunyai daun dengan banyak lubang seperti renda tersebut berasal dari hutan hujan di Amerika tengah dan selatan. Karena sulit dibudidayakan, Monstera obliqua dijual dengan harga mencapai US$23.000 atau sekitar Rp345 juta.
6. Philodendron Pink Princess
Philodendron Pink Princess dapat dikenali dengan semburat merah muda acak pada bagian daunnya. Nilai tanaman hias tersebut didorong oleh keberadaan pola warna merah mudanya yang tidak dapat diprediksi dan cenderung tidak stabil. Philodendron Pink Princess bisa dijual dengan harga US$100 hingga lebih dari US$1.000 atau sekitar Rp1,5 juta hingga Rp15 juta.
7. Alocasia azlanii
Alocasia azlanii yang lebih dikenal sebagai Red Mambo memiliki ciri-ciri daun yang gelap hampir berwarna hitam dengan kilau metalik serta urat berwarna merah muda hingga ungu cerah. Tanaman asli Kalimantan tersebut membutuhkan perawatan khusus, sehingga menjadi tantangan tersendiri yang menyebabkan harganya melambung hingga US$700 atau sekitar Rp10.500.000.
8. Monstera esqueleto
Monstera esqueleto atau Monstera Epipremnoides memiliki bentuk daun yang tidak beraturan seperti renda, sehingga diberi nama esqueleto (bahasa Spanyol), yang berarti kerangka. Tanaman yang tumbuh subur di tempat lembap tersebut biasanya ditawarkan dengan harga mulai US$500 atau sekitar Rp7,5 juta untuk ukuran kecil.
9. Philodendron tortum
Philodendron tortum dikenal karena daunnya yang ramping dan bersegmen yang menyerupai struktur pakis. Penampilannya yang unik dan perawatannya yang khusus, membuat tanaman hias tersebut dihargai sekitar US$400 atau Rp6 juta.
10. Anthurium crystallinum
Sempat populer di Indonesia, Anthurium crystallinum juga termasuk salah satu tanaman hias paling mahal di dunia. Tanaman tropis dengan daun berbentuk hati yang dihiasi urat berwarna putih atau perak tersebut berasal dari hutan hujan di Amerika tengah dan selatan. Anthurium kristalium dijual dengan harga mencapai US$200 atau sekitar Rp3 juta.","10 Tanaman Hias Paling Mahal di Dunia, Ada yang Tembus Rp19 Miliar",2025-01-02
https://www.tempo.co/ekonomi/outlook-ekonomi-pertumbuhan-ekonomi-2025-1195954,tempo.co,"Ringkasan Berita
Pangan, sosial, dan penghiliran akan menjadi andalan menggerakan pertumbuhan ekonomi tahun ini.
Kebijakan ekstrem di sektor pangan bisa menjadi bumerang yang memukul ekonomi.
Era suku bunga rendah diharapkan mengungkit investasi dan konsumsi.
PADA 6 Januari 2025 pagi, aktivitas Sari tak sesibuk hari Senin seperti sebelumnya. Biasanya, tiap pagi, perempuan 38 tahun itu tergopoh-gopoh menyiapkan sarapan dan bekal untuk Aditya Ramadhan, anak sulungnya yang duduk di kelas IV sekolah dasar. Kini Sari tak perlu menyiapkan bekal karena sekolah Aditya, SD Negeri Srondol Wetan, Semarang, Jawa Tengah, mendapat fasilitas makan bergizi gratis dari pemerintah.
- Akses edisi mingguan dari Tahun 1971
- Akses penuh seluruh artikel Tempo+
- Baca dengan lebih sedikit gangguan iklan
- Fitur baca cepat di edisi Mingguan
- Anda Mendukung Independensi Jurnalisme Tempo
Di edisi cetak, artikel ini terbit di bawah judul Mimpi Ekonomi Tumbuh Tinggi",Outlook Ekonomi 2025: Mimpi Pertumbuhan Ekonomi 8 Persen,2025-01-19
